ANDAMAN & NICOBAR,04-02-22,M
ANDAMAN & NICOBAR,04-03-22,S
ANDAMAN & NICOBAR,04-04-22,XS
ANDAMAN & NICOBAR,04-05-22,XS
ANDAMAN & NICOBAR,04-06-22,XS
ANDAMAN & NICOBAR,04-07-22,XS
ANDAMAN & NICOBAR,04-08-22,XL
ANDAMAN & NICOBAR,04-09-22,XL
ANDAMAN & NICOBAR,04-10-22,XL
ANDAMAN & NICOBAR,04-11-22,XL
ANDAMAN & NICOBAR,04-12-22,XL
ANDAMAN & NICOBAR,04-13-22,XXL
ANDAMAN & NICOBAR,04-14-22,XXL
ANDAMAN & NICOBAR,04-15-22,XXL
ANDAMAN & NICOBAR,04-16-22,XXL
ANDAMAN & NICOBAR,04-17-22,XXL
ANDAMAN & NICOBAR,04-18-22,XXL
ANDAMAN & NICOBAR,04-19-22,XXL
ANDAMAN & NICOBAR,04-20-22,XXL
ANDAMAN & NICOBAR,04-21-22,XL
ANDAMAN & NICOBAR,04-22-22,XL
ANDAMAN & NICOBAR,04-23-22,XL
ANDAMAN & NICOBAR,04-24-22,XL
ANDAMAN & NICOBAR,04-25-22,XL
ANDAMAN & NICOBAR,04-26-22,XL
ANDAMAN & NICOBAR,04-27-22,XL
ANDAMAN & NICOBAR,04-28-22,XL
ANDAMAN & NICOBAR,04-29-22,S
ANDAMAN & NICOBAR,04-30-22,XXL
ANDAMAN & NICOBAR,05-01-22,XXL
ANDAMAN & NICOBAR,05-02-22,3XL
ANDAMAN & NICOBAR,05-03-22,S
ANDAMAN & NICOBAR,05-04-22,3XL
ANDAMAN & NICOBAR,05-05-22,M
ANDAMAN & NICOBAR,05-06-22,3XL
ANDAMAN & NICOBAR,05-07-22,3XL
ANDAMAN & NICOBAR,05-08-22,3XL
ANDAMAN & NICOBAR,05-09-22,3XL
ANDAMAN & NICOBAR,05-10-22,XL
ANDAMAN & NICOBAR,05-11-22,XL
ANDAMAN & NICOBAR,05-12-22,3XL
ANDAMAN & NICOBAR,05-13-22,XL
ANDAMAN & NICOBAR,05-14-22,XL
ANDAMAN & NICOBAR,05-15-22,XL
ANDAMAN & NICOBAR,05-16-22,XL
ANDAMAN & NICOBAR,05-17-22,XL
ANDAMAN & NICOBAR,05-18-22,XL
ANDAMAN & NICOBAR,05-19-22,XL
ANDAMAN & NICOBAR,05-20-22,M
ANDAMAN & NICOBAR,05-21-22,M
ANDAMAN & NICOBAR,05-22-22,M
ANDAMAN & NICOBAR,05-23-22,M
ANDAMAN & NICOBAR,05-24-22,M
ANDAMAN & NICOBAR,05-25-22,M
ANDAMAN & NICOBAR,05-26-22,M
ANDAMAN & NICOBAR,05-27-22,M
ANDAMAN & NICOBAR,05-28-22,XL
ANDAMAN & NICOBAR,05-29-22,XL
ANDAMAN & NICOBAR,05-30-22,XL
ANDAMAN & NICOBAR,05-31-22,XL
ANDAMAN & NICOBAR,06-01-22,XL
ANDAMAN & NICOBAR,06-02-22,XL
ANDAMAN & NICOBAR,06-03-22,XL
ANDAMAN & NICOBAR,06-04-22,L
ANDAMAN & NICOBAR,06-05-22,L
ANDAMAN & NICOBAR,06-06-22,L
ANDAMAN & NICOBAR,06-07-22,XXL
ANDAMAN & NICOBAR,06-08-22,L
ANDAMAN & NICOBAR,06-09-22,M
ANDAMAN & NICOBAR,06-10-22,XXL
ANDAMAN & NICOBAR,06-11-22,XXL
ANDAMAN & NICOBAR,06-12-22,L
ANDAMAN & NICOBAR,06-13-22,L
ANDAMAN & NICOBAR,06-14-22,M
ANDAMAN & NICOBAR,06-15-22,XS
ANDAMAN & NICOBAR,06-16-22,XS
ANDAMAN & NICOBAR,06-17-22,XS
ANDAMAN & NICOBAR,06-18-22,XS
ANDAMAN & NICOBAR,06-19-22,XS
ANDAMAN & NICOBAR,06-20-22,XS
ANDAMAN & NICOBAR,06-21-22,XS
ANDAMAN & NICOBAR,06-22-22,M
ANDAMAN & NICOBAR,06-23-22,M
ANDAMAN & NICOBAR,06-24-22,M
ANDAMAN & NICOBAR,06-25-22,M
ANDAMAN & NICOBAR,06-26-22,M
ANDAMAN & NICOBAR,06-27-22,M
ANDAMAN & NICOBAR,06-28-22,M
ANDAMAN & NICOBAR,06-29-22,M
ANDAMAN & NICOBAR,06-30-22,M
ANDAMAN & NICOBAR,07-01-22,M
ANDAMAN & NICOBAR,07-02-22,M
ANDAMAN & NICOBAR,07-03-22,M
ANDAMAN & NICOBAR,07-04-22,M
ANDAMAN & NICOBAR,07-05-22,M
ANDAMAN & NICOBAR,07-06-22,M
ANDAMAN & NICOBAR,07-07-22,M
ANDAMAN & NICOBAR,07-08-22,M
ANDHRA PRADESH,04-01-22,M
ANDHRA PRADESH,04-02-22,M
ANDHRA PRADESH,04-03-22,M
ANDHRA PRADESH,04-04-22,M
ANDHRA PRADESH,04-05-22,S
ANDHRA PRADESH,04-06-22,XXL
ANDHRA PRADESH,04-07-22,XXL
ANDHRA PRADESH,04-08-22,XXL
ANDHRA PRADESH,04-09-22,XXL
ANDHRA PRADESH,04-10-22,L
ANDHRA PRADESH,04-11-22,L
ANDHRA PRADESH,04-12-22,L
ANDHRA PRADESH,04-13-22,L
ANDHRA PRADESH,04-14-22,L
ANDHRA PRADESH,04-15-22,L
ANDHRA PRADESH,04-16-22,L
ANDHRA PRADESH,04-17-22,L
ANDHRA PRADESH,04-18-22,L
ANDHRA PRADESH,04-19-22,L
ANDHRA PRADESH,04-20-22,L
ANDHRA PRADESH,04-21-22,L
ANDHRA PRADESH,04-22-22,L
ANDHRA PRADESH,04-23-22,L
ANDHRA PRADESH,04-24-22,L
ANDHRA PRADESH,04-25-22,L
ANDHRA PRADESH,04-26-22,L
ANDHRA PRADESH,04-27-22,L
ANDHRA PRADESH,04-28-22,L
ANDHRA PRADESH,04-29-22,L
ANDHRA PRADESH,04-30-22,L
ANDHRA PRADESH,05-01-22,M
ANDHRA PRADESH,05-02-22,M
ANDHRA PRADESH,05-03-22,M
ANDHRA PRADESH,05-04-22,M
ANDHRA PRADESH,05-05-22,M
ANDHRA PRADESH,05-06-22,L
ANDHRA PRADESH,05-07-22,L
ANDHRA PRADESH,05-08-22,XL
ANDHRA PRADESH,05-09-22,L
ANDHRA PRADESH,05-10-22,L
ANDHRA PRADESH,05-11-22,L
ANDHRA PRADESH,05-12-22,L
ANDHRA PRADESH,05-13-22,L
ANDHRA PRADESH,05-14-22,L
ANDHRA PRADESH,05-15-22,L
ANDHRA PRADESH,05-16-22,L
ANDHRA PRADESH,05-17-22,L
ANDHRA PRADESH,05-18-22,L
ANDHRA PRADESH,05-19-22,L
ANDHRA PRADESH,05-20-22,L
ANDHRA PRADESH,05-21-22,L
ANDHRA PRADESH,05-22-22,L
ANDHRA PRADESH,05-23-22,L
ANDHRA PRADESH,05-24-22,L
ANDHRA PRADESH,05-25-22,L
ANDHRA PRADESH,05-26-22,M
ANDHRA PRADESH,05-27-22,M
ANDHRA PRADESH,05-28-22,M
ANDHRA PRADESH,05-29-22,M
ANDHRA PRADESH,05-30-22,M
ANDHRA PRADESH,05-31-22,M
ANDHRA PRADESH,06-01-22,M
ANDHRA PRADESH,06-02-22,M
ANDHRA PRADESH,06-03-22,M
ANDHRA PRADESH,06-04-22,M
ANDHRA PRADESH,06-05-22,L
ANDHRA PRADESH,06-06-22,L
ANDHRA PRADESH,06-07-22,L
ANDHRA PRADESH,06-08-22,L
ANDHRA PRADESH,06-09-22,L
ANDHRA PRADESH,06-10-22,L
ANDHRA PRADESH,06-11-22,L
ANDHRA PRADESH,06-12-22,L
ANDHRA PRADESH,06-13-22,L
ANDHRA PRADESH,06-14-22,L
ANDHRA PRADESH,06-15-22,L
ANDHRA PRADESH,06-16-22,L
ANDHRA PRADESH,06-17-22,M
ANDHRA PRADESH,06-18-22,M
ANDHRA PRADESH,06-19-22,M
ANDHRA PRADESH,06-20-22,M
ANDHRA PRADESH,06-21-22,M
ANDHRA PRADESH,06-22-22,L
ANDHRA PRADESH,06-23-22,L
ANDHRA PRADESH,06-24-22,L
ANDHRA PRADESH,06-25-22,L
ANDHRA PRADESH,06-26-22,L
ANDHRA PRADESH,06-27-22,L
ANDHRA PRADESH,06-28-22,L
ANDHRA PRADESH,06-29-22,M
ANDHRA PRADESH,06-30-22,M
ANDHRA PRADESH,07-01-22,M
ANDHRA PRADESH,07-02-22,M
ANDHRA PRADESH,07-03-22,M
ANDHRA PRADESH,07-04-22,M
ANDHRA PRADESH,07-05-22,M
ANDHRA PRADESH,07-06-22,M
ANDHRA PRADESH,07-07-22,M
ANDHRA PRADESH,07-08-22,M
ANDHRA PRADESH,07-09-22,S
AR,05-31-22,L
AR,06-01-22,L
AR,06-02-22,L
AR,06-03-22,L
AR,06-04-22,L
AR,06-05-22,L
AR,06-06-22,L
AR,06-07-22,L
AR,06-08-22,L
AR,06-09-22,L
ARUNACHAL PRADESH,04-02-22,S
ARUNACHAL PRADESH,04-03-22,L
ARUNACHAL PRADESH,04-04-22,3XL
ARUNACHAL PRADESH,04-05-22,3XL
ARUNACHAL PRADESH,04-06-22,XS
ARUNACHAL PRADESH,04-07-22,XS
ARUNACHAL PRADESH,04-08-22,XS
ARUNACHAL PRADESH,04-09-22,XS
ARUNACHAL PRADESH,04-10-22,XS
ARUNACHAL PRADESH,04-11-22,XS
ARUNACHAL PRADESH,04-12-22,XS
ARUNACHAL PRADESH,04-13-22,XS
ARUNACHAL PRADESH,04-14-22,XS
ARUNACHAL PRADESH,04-15-22,XS
ARUNACHAL PRADESH,04-16-22,S
ARUNACHAL PRADESH,04-17-22,S
ARUNACHAL PRADESH,04-18-22,S
ARUNACHAL PRADESH,04-19-22,S
ARUNACHAL PRADESH,04-20-22,S
ARUNACHAL PRADESH,04-21-22,S
ARUNACHAL PRADESH,04-22-22,S
ARUNACHAL PRADESH,04-23-22,S
ARUNACHAL PRADESH,04-24-22,S
ARUNACHAL PRADESH,04-25-22,M
ARUNACHAL PRADESH,04-26-22,M
ARUNACHAL PRADESH,04-27-22,M
ARUNACHAL PRADESH,04-28-22,M
ARUNACHAL PRADESH,04-29-22,M
ARUNACHAL PRADESH,04-30-22,3XL
ARUNACHAL PRADESH,05-01-22,M
ARUNACHAL PRADESH,05-02-22,M
ARUNACHAL PRADESH,05-03-22,L
ARUNACHAL PRADESH,05-04-22,L
ARUNACHAL PRADESH,05-05-22,L
ARUNACHAL PRADESH,05-06-22,L
ARUNACHAL PRADESH,05-07-22,L
ARUNACHAL PRADESH,05-08-22,L
ARUNACHAL PRADESH,05-09-22,L
ARUNACHAL PRADESH,05-10-22,L
ARUNACHAL PRADESH,05-11-22,L
ARUNACHAL PRADESH,05-12-22,L
ARUNACHAL PRADESH,05-13-22,L
ARUNACHAL PRADESH,05-14-22,L
ARUNACHAL PRADESH,05-15-22,L
ARUNACHAL PRADESH,05-16-22,L
ARUNACHAL PRADESH,05-17-22,L
ARUNACHAL PRADESH,05-18-22,L
ARUNACHAL PRADESH,05-19-22,L
ARUNACHAL PRADESH,05-20-22,L
ARUNACHAL PRADESH,05-21-22,M
ARUNACHAL PRADESH,05-22-22,M
ARUNACHAL PRADESH,05-23-22,M
ARUNACHAL PRADESH,05-24-22,M
ARUNACHAL PRADESH,05-25-22,M
ARUNACHAL PRADESH,05-26-22,M
ARUNACHAL PRADESH,05-27-22,M
ARUNACHAL PRADESH,05-28-22,M
ARUNACHAL PRADESH,05-29-22,M
ARUNACHAL PRADESH,05-30-22,M
ARUNACHAL PRADESH,05-31-22,M
ARUNACHAL PRADESH,06-01-22,M
ARUNACHAL PRADESH,06-02-22,M
ARUNACHAL PRADESH,06-03-22,L
ARUNACHAL PRADESH,06-04-22,L
ARUNACHAL PRADESH,06-05-22,XS
ARUNACHAL PRADESH,06-06-22,L
ARUNACHAL PRADESH,06-07-22,L
ARUNACHAL PRADESH,06-08-22,L
ARUNACHAL PRADESH,06-09-22,L
ARUNACHAL PRADESH,06-10-22,L
ARUNACHAL PRADESH,06-11-22,L
ARUNACHAL PRADESH,06-12-22,L
ARUNACHAL PRADESH,06-13-22,L
ARUNACHAL PRADESH,06-14-22,L
ARUNACHAL PRADESH,06-15-22,L
ARUNACHAL PRADESH,06-16-22,L
ARUNACHAL PRADESH,06-17-22,L
ARUNACHAL PRADESH,06-18-22,L
ARUNACHAL PRADESH,06-19-22,L
ARUNACHAL PRADESH,06-20-22,L
ARUNACHAL PRADESH,06-21-22,L
ARUNACHAL PRADESH,06-22-22,L
ARUNACHAL PRADESH,06-23-22,S
ARUNACHAL PRADESH,06-24-22,S
ARUNACHAL PRADESH,06-25-22,S
ARUNACHAL PRADESH,06-26-22,S
ARUNACHAL PRADESH,06-27-22,S
ARUNACHAL PRADESH,06-28-22,M
ARUNACHAL PRADESH,06-29-22,M
ARUNACHAL PRADESH,06-30-22,M
ARUNACHAL PRADESH,07-01-22,M
ARUNACHAL PRADESH,07-02-22,M
ARUNACHAL PRADESH,07-03-22,M
ARUNACHAL PRADESH,07-04-22,M
ARUNACHAL PRADESH,07-05-22,L
ARUNACHAL PRADESH,07-06-22,M
ARUNACHAL PRADESH,07-07-22,M
ASSAM,04-02-22,L
ASSAM,04-03-22,L
ASSAM,04-04-22,L
ASSAM,04-05-22,M
ASSAM,04-06-22,M
ASSAM,04-07-22,L
ASSAM,04-08-22,L
ASSAM,04-09-22,S
ASSAM,04-10-22,L
ASSAM,04-11-22,L
ASSAM,04-12-22,S
ASSAM,04-13-22,S
ASSAM,04-14-22,L
ASSAM,04-15-22,S
ASSAM,04-16-22,L
ASSAM,04-17-22,M
ASSAM,04-18-22,M
ASSAM,04-19-22,M
ASSAM,04-20-22,M
ASSAM,04-21-22,M
ASSAM,04-22-22,M
ASSAM,04-23-22,M
ASSAM,04-24-22,M
ASSAM,04-25-22,M
ASSAM,04-26-22,M
ASSAM,04-27-22,M
ASSAM,04-28-22,S
ASSAM,04-29-22,S
ASSAM,04-30-22,S
ASSAM,05-01-22,S
ASSAM,05-02-22,S
ASSAM,05-03-22,S
ASSAM,05-04-22,S
ASSAM,05-05-22,M
ASSAM,05-06-22,M
ASSAM,05-07-22,M
ASSAM,05-08-22,M
ASSAM,05-09-22,M
ASSAM,05-10-22,M
ASSAM,05-11-22,M
ASSAM,05-12-22,M
ASSAM,05-13-22,M
ASSAM,05-14-22,M
ASSAM,05-15-22,M
ASSAM,05-16-22,M
ASSAM,05-17-22,S
ASSAM,05-18-22,S
ASSAM,05-19-22,S
ASSAM,05-20-22,S
ASSAM,05-21-22,S
ASSAM,05-22-22,S
ASSAM,05-23-22,S
ASSAM,05-24-22,L
ASSAM,05-25-22,L
ASSAM,05-26-22,L
ASSAM,05-27-22,L
ASSAM,05-28-22,L
ASSAM,05-29-22,L
ASSAM,05-30-22,M
ASSAM,05-31-22,L
ASSAM,06-01-22,L
ASSAM,06-02-22,L
ASSAM,06-03-22,L
ASSAM,06-04-22,L
ASSAM,06-05-22,L
ASSAM,06-06-22,L
ASSAM,06-07-22,L
ASSAM,06-08-22,L
ASSAM,06-09-22,L
ASSAM,06-10-22,L
ASSAM,06-11-22,L
ASSAM,06-12-22,L
ASSAM,06-13-22,M
ASSAM,06-14-22,M
ASSAM,06-15-22,S
ASSAM,06-16-22,M
ASSAM,06-17-22,M
ASSAM,06-18-22,M
ASSAM,06-19-22,M
ASSAM,06-20-22,M
ASSAM,06-21-22,M
ASSAM,06-22-22,M
ASSAM,06-23-22,M
ASSAM,06-24-22,M
ASSAM,06-25-22,M
ASSAM,06-26-22,M
ASSAM,06-27-22,M
ASSAM,06-28-22,M
ASSAM,06-29-22,M
ASSAM,06-30-22,M
ASSAM,07-01-22,M
ASSAM,07-02-22,M
ASSAM,07-03-22,M
ASSAM,07-04-22,M
ASSAM,07-05-22,M
ASSAM,07-06-22,M
ASSAM,07-07-22,S
ASSAM,07-08-22,XL
ASSAM,07-09-22,S
BIHAR,04-01-22,M
BIHAR,04-02-22,M
BIHAR,04-03-22,M
BIHAR,04-04-22,M
BIHAR,04-05-22,M
BIHAR,04-06-22,M
BIHAR,04-07-22,M
BIHAR,04-08-22,M
BIHAR,04-09-22,M
BIHAR,04-10-22,M
BIHAR,04-11-22,M
BIHAR,04-12-22,M
BIHAR,04-13-22,M
BIHAR,04-14-22,M
BIHAR,04-15-22,M
BIHAR,04-16-22,M
BIHAR,04-17-22,M
BIHAR,04-18-22,M
BIHAR,04-19-22,M
BIHAR,04-20-22,M
BIHAR,04-21-22,M
BIHAR,04-22-22,M
BIHAR,04-23-22,M
BIHAR,04-24-22,M
BIHAR,04-25-22,M
BIHAR,04-26-22,M
BIHAR,04-27-22,M
BIHAR,04-28-22,M
BIHAR,04-29-22,M
BIHAR,04-30-22,M
BIHAR,05-01-22,M
BIHAR,05-02-22,M
BIHAR,05-03-22,M
BIHAR,05-04-22,M
BIHAR,05-05-22,M
BIHAR,05-06-22,M
BIHAR,05-07-22,M
BIHAR,05-08-22,M
BIHAR,05-09-22,M
BIHAR,05-10-22,M
BIHAR,05-11-22,M
BIHAR,05-12-22,M
BIHAR,05-13-22,M
BIHAR,05-14-22,M
BIHAR,05-15-22,M
BIHAR,05-16-22,M
BIHAR,05-17-22,M
BIHAR,05-18-22,M
BIHAR,05-19-22,S
BIHAR,05-20-22,S
BIHAR,05-21-22,S
BIHAR,05-22-22,L
BIHAR,05-23-22,L
BIHAR,05-24-22,L
BIHAR,05-25-22,L
BIHAR,05-26-22,L
BIHAR,05-27-22,L
BIHAR,05-28-22,L
BIHAR,05-29-22,L
BIHAR,05-30-22,L
BIHAR,05-31-22,L
BIHAR,06-01-22,L
BIHAR,06-02-22,L
BIHAR,06-03-22,M
BIHAR,06-04-22,M
BIHAR,06-05-22,M
BIHAR,06-06-22,M
BIHAR,06-07-22,M
BIHAR,06-08-22,M
BIHAR,06-09-22,M
BIHAR,06-10-22,M
BIHAR,06-11-22,M
BIHAR,06-12-22,M
BIHAR,06-13-22,M
BIHAR,06-14-22,M
BIHAR,06-15-22,M
BIHAR,06-16-22,M
BIHAR,06-17-22,M
BIHAR,06-18-22,M
BIHAR,06-19-22,M
BIHAR,06-20-22,M
BIHAR,06-21-22,L
BIHAR,06-22-22,M
BIHAR,06-23-22,S
BIHAR,06-24-22,S
BIHAR,06-25-22,M
BIHAR,06-26-22,M
BIHAR,06-27-22,M
BIHAR,06-28-22,S
BIHAR,06-29-22,S
BIHAR,06-30-22,S
BIHAR,07-01-22,S
BIHAR,07-02-22,S
BIHAR,07-03-22,M
BIHAR,07-04-22,M
BIHAR,07-05-22,S
BIHAR,07-06-22,S
BIHAR,07-07-22,S
BIHAR,07-08-22,XL
BIHAR,07-09-22,S
CHANDIGARH,04-01-22,3XL
CHANDIGARH,04-02-22,3XL
CHANDIGARH,04-03-22,3XL
CHANDIGARH,04-04-22,3XL
CHANDIGARH,04-05-22,3XL
CHANDIGARH,04-06-22,3XL
CHANDIGARH,04-07-22,3XL
CHANDIGARH,04-08-22,3XL
CHANDIGARH,04-09-22,L
CHANDIGARH,04-10-22,L
CHANDIGARH,04-11-22,L
CHANDIGARH,04-12-22,L
CHANDIGARH,04-13-22,L
CHANDIGARH,04-14-22,L
CHANDIGARH,04-15-22,L
CHANDIGARH,04-16-22,L
CHANDIGARH,04-17-22,L
CHANDIGARH,04-18-22,L
CHANDIGARH,04-19-22,L
CHANDIGARH,04-20-22,L
CHANDIGARH,04-21-22,L
CHANDIGARH,04-22-22,L
CHANDIGARH,04-23-22,L
CHANDIGARH,04-24-22,L
CHANDIGARH,04-25-22,L
CHANDIGARH,04-26-22,L
CHANDIGARH,04-27-22,L
CHANDIGARH,04-28-22,L
CHANDIGARH,04-29-22,L
CHANDIGARH,04-30-22,L
CHANDIGARH,05-01-22,L
CHANDIGARH,05-02-22,L
CHANDIGARH,05-03-22,M
CHANDIGARH,05-04-22,M
CHANDIGARH,05-05-22,XXL
CHANDIGARH,05-06-22,XL
CHANDIGARH,05-07-22,XL
CHANDIGARH,05-08-22,3XL
CHANDIGARH,05-09-22,3XL
CHANDIGARH,05-10-22,XL
CHANDIGARH,05-11-22,3XL
CHANDIGARH,05-12-22,XL
CHANDIGARH,05-13-22,XL
CHANDIGARH,05-14-22,XL
CHANDIGARH,05-15-22,M
CHANDIGARH,05-16-22,3XL
CHANDIGARH,05-17-22,M
CHANDIGARH,05-18-22,M
CHANDIGARH,05-19-22,XL
CHANDIGARH,05-20-22,XL
CHANDIGARH,05-21-22,3XL
CHANDIGARH,05-22-22,3XL
CHANDIGARH,05-23-22,3XL
CHANDIGARH,05-24-22,3XL
CHANDIGARH,05-25-22,L
CHANDIGARH,05-26-22,XL
CHANDIGARH,05-27-22,XL
CHANDIGARH,05-28-22,XL
CHANDIGARH,05-29-22,XXL
CHANDIGARH,05-30-22,XXL
CHANDIGARH,05-31-22,XXL
CHANDIGARH,06-01-22,M
CHANDIGARH,06-02-22,XXL
CHANDIGARH,06-03-22,XXL
CHANDIGARH,06-04-22,XL
CHANDIGARH,06-05-22,L
CHANDIGARH,06-06-22,L
CHANDIGARH,06-07-22,L
CHANDIGARH,06-08-22,L
CHANDIGARH,06-09-22,L
CHANDIGARH,06-10-22,XL
CHANDIGARH,06-11-22,XL
CHANDIGARH,06-12-22,XL
CHANDIGARH,06-13-22,XL
CHANDIGARH,06-14-22,XL
CHANDIGARH,06-15-22,XL
CHANDIGARH,06-16-22,M
CHANDIGARH,06-17-22,XL
CHANDIGARH,06-18-22,M
CHANDIGARH,06-19-22,XL
CHANDIGARH,06-20-22,M
CHANDIGARH,06-21-22,L
CHANDIGARH,06-22-22,L
CHANDIGARH,06-23-22,L
CHANDIGARH,06-24-22,M
CHANDIGARH,06-25-22,M
CHANDIGARH,06-26-22,M
CHANDIGARH,06-27-22,XS
CHANDIGARH,06-28-22,M
CHANDIGARH,06-29-22,XS
CHANDIGARH,06-30-22,XS
CHANDIGARH,07-01-22,XS
CHANDIGARH,07-02-22,M
CHANDIGARH,07-03-22,M
CHANDIGARH,07-04-22,M
CHANDIGARH,07-05-22,M
CHANDIGARH,07-06-22,M
CHANDIGARH,07-07-22,S
CHANDIGARH,07-08-22,S
CHHATTISGARH,04-01-22,M
CHHATTISGARH,04-02-22,L
CHHATTISGARH,04-03-22,L
CHHATTISGARH,04-04-22,M
CHHATTISGARH,04-05-22,M
CHHATTISGARH,04-06-22,M
CHHATTISGARH,04-07-22,M
CHHATTISGARH,04-08-22,M
CHHATTISGARH,04-09-22,M
CHHATTISGARH,04-10-22,M
CHHATTISGARH,04-11-22,M
CHHATTISGARH,04-12-22,S
CHHATTISGARH,04-13-22,S
CHHATTISGARH,04-14-22,S
CHHATTISGARH,04-15-22,S
CHHATTISGARH,04-16-22,S
CHHATTISGARH,04-17-22,S
CHHATTISGARH,04-18-22,S
CHHATTISGARH,04-19-22,S
CHHATTISGARH,04-20-22,S
CHHATTISGARH,04-21-22,S
CHHATTISGARH,04-22-22,M
CHHATTISGARH,04-23-22,M
CHHATTISGARH,04-24-22,M
CHHATTISGARH,04-25-22,M
CHHATTISGARH,04-26-22,M
CHHATTISGARH,04-27-22,M
CHHATTISGARH,04-28-22,M
CHHATTISGARH,04-29-22,M
CHHATTISGARH,04-30-22,M
CHHATTISGARH,05-01-22,M
CHHATTISGARH,05-02-22,M
CHHATTISGARH,05-03-22,M
CHHATTISGARH,05-04-22,M
CHHATTISGARH,05-05-22,M
CHHATTISGARH,05-06-22,M
CHHATTISGARH,05-07-22,S
CHHATTISGARH,05-08-22,S
CHHATTISGARH,05-09-22,S
CHHATTISGARH,05-10-22,M
CHHATTISGARH,05-11-22,M
CHHATTISGARH,05-12-22,M
CHHATTISGARH,05-13-22,M
CHHATTISGARH,05-14-22,M
CHHATTISGARH,05-15-22,M
CHHATTISGARH,05-16-22,M
CHHATTISGARH,05-17-22,L
CHHATTISGARH,05-18-22,M
CHHATTISGARH,05-19-22,L
CHHATTISGARH,05-20-22,L
CHHATTISGARH,05-21-22,L
CHHATTISGARH,05-22-22,L
CHHATTISGARH,05-23-22,L
CHHATTISGARH,05-24-22,L
CHHATTISGARH,05-25-22,L
CHHATTISGARH,05-26-22,L
CHHATTISGARH,05-27-22,L
CHHATTISGARH,05-28-22,L
CHHATTISGARH,05-29-22,L
CHHATTISGARH,05-30-22,L
CHHATTISGARH,05-31-22,L
CHHATTISGARH,06-01-22,M
CHHATTISGARH,06-02-22,L
CHHATTISGARH,06-03-22,M
CHHATTISGARH,06-04-22,M
CHHATTISGARH,06-05-22,M
CHHATTISGARH,06-06-22,S
CHHATTISGARH,06-07-22,M
CHHATTISGARH,06-08-22,M
CHHATTISGARH,06-09-22,S
CHHATTISGARH,06-10-22,M
CHHATTISGARH,06-11-22,M
CHHATTISGARH,06-12-22,M
CHHATTISGARH,06-13-22,M
CHHATTISGARH,06-14-22,M
CHHATTISGARH,06-15-22,M
CHHATTISGARH,06-16-22,M
CHHATTISGARH,06-17-22,M
CHHATTISGARH,06-18-22,L
CHHATTISGARH,06-19-22,L
CHHATTISGARH,06-20-22,L
CHHATTISGARH,06-21-22,M
CHHATTISGARH,06-22-22,M
CHHATTISGARH,06-23-22,M
CHHATTISGARH,06-24-22,M
CHHATTISGARH,06-25-22,M
CHHATTISGARH,06-26-22,M
CHHATTISGARH,06-27-22,M
CHHATTISGARH,06-28-22,M
CHHATTISGARH,06-29-22,M
CHHATTISGARH,06-30-22,M
CHHATTISGARH,07-01-22,M
CHHATTISGARH,07-02-22,M
CHHATTISGARH,07-03-22,M
CHHATTISGARH,07-04-22,M
CHHATTISGARH,07-05-22,M
CHHATTISGARH,07-06-22,M
CHHATTISGARH,07-07-22,M
CHHATTISGARH,07-08-22,XS
DADRA AND NAGAR,04-02-22,XS
DADRA AND NAGAR,04-03-22,XS
DADRA AND NAGAR,04-04-22,XS
DADRA AND NAGAR,04-05-22,XS
DADRA AND NAGAR,04-06-22,XS
DADRA AND NAGAR,04-07-22,L
DADRA AND NAGAR,04-08-22,L
DADRA AND NAGAR,04-09-22,L
DADRA AND NAGAR,04-10-22,L
DADRA AND NAGAR,04-11-22,L
DADRA AND NAGAR,04-12-22,L
DADRA AND NAGAR,04-13-22,L
DADRA AND NAGAR,04-14-22,L
DADRA AND NAGAR,04-15-22,L
DADRA AND NAGAR,04-16-22,L
DADRA AND NAGAR,04-17-22,XS
DADRA AND NAGAR,04-18-22,XS
DADRA AND NAGAR,04-19-22,XS
DADRA AND NAGAR,04-20-22,XS
DADRA AND NAGAR,04-21-22,XS
DADRA AND NAGAR,04-22-22,XS
DADRA AND NAGAR,04-23-22,XS
DADRA AND NAGAR,04-24-22,XS
DADRA AND NAGAR,04-25-22,XS
DADRA AND NAGAR,04-26-22,XS
DADRA AND NAGAR,04-27-22,M
DADRA AND NAGAR,04-28-22,M
DADRA AND NAGAR,04-29-22,M
DADRA AND NAGAR,04-30-22,M
DADRA AND NAGAR,05-01-22,3XL
DADRA AND NAGAR,05-02-22,3XL
DADRA AND NAGAR,05-03-22,3XL
DADRA AND NAGAR,05-04-22,3XL
DADRA AND NAGAR,05-05-22,3XL
DADRA AND NAGAR,05-06-22,3XL
DADRA AND NAGAR,05-07-22,3XL
DADRA AND NAGAR,05-08-22,3XL
DADRA AND NAGAR,05-09-22,3XL
DADRA AND NAGAR,05-10-22,3XL
DADRA AND NAGAR,05-11-22,XL
DADRA AND NAGAR,05-12-22,L
DADRA AND NAGAR,05-13-22,L
DADRA AND NAGAR,05-14-22,L
DADRA AND NAGAR,05-15-22,L
DADRA AND NAGAR,05-16-22,L
DADRA AND NAGAR,05-17-22,L
DADRA AND NAGAR,05-18-22,S
DADRA AND NAGAR,05-19-22,S
DADRA AND NAGAR,05-20-22,S
DADRA AND NAGAR,05-21-22,L
DADRA AND NAGAR,05-22-22,L
DADRA AND NAGAR,05-23-22,L
DADRA AND NAGAR,05-24-22,L
DADRA AND NAGAR,05-25-22,S
DADRA AND NAGAR,05-26-22,M
DADRA AND NAGAR,05-27-22,M
DADRA AND NAGAR,06-02-22,M
DADRA AND NAGAR,06-03-22,M
DADRA AND NAGAR,06-04-22,M
DADRA AND NAGAR,06-05-22,M
DADRA AND NAGAR,06-06-22,M
DADRA AND NAGAR,06-07-22,M
DADRA AND NAGAR,06-08-22,M
DADRA AND NAGAR,06-09-22,M
DADRA AND NAGAR,06-10-22,M
DADRA AND NAGAR,06-11-22,M
DADRA AND NAGAR,06-12-22,M
DADRA AND NAGAR,06-13-22,M
DADRA AND NAGAR,06-14-22,M
DADRA AND NAGAR,06-15-22,M
DADRA AND NAGAR,06-16-22,M
DADRA AND NAGAR,06-17-22,M
DADRA AND NAGAR,06-18-22,M
DADRA AND NAGAR,06-19-22,M
DADRA AND NAGAR,06-20-22,M
DADRA AND NAGAR,06-21-22,M
DADRA AND NAGAR,06-22-22,M
DADRA AND NAGAR,06-23-22,XS
DADRA AND NAGAR,06-24-22,XS
DADRA AND NAGAR,06-25-22,XS
DADRA AND NAGAR,06-26-22,XS
DADRA AND NAGAR,06-27-22,XS
DADRA AND NAGAR,06-28-22,XS
DADRA AND NAGAR,06-29-22,XS
DADRA AND NAGAR,06-30-22,XS
DADRA AND NAGAR,07-01-22,XS
DADRA AND NAGAR,07-02-22,M
DADRA AND NAGAR,07-03-22,M
DADRA AND NAGAR,07-04-22,M
DADRA AND NAGAR,07-05-22,M
DADRA AND NAGAR,07-06-22,M
DELHI,04-01-22,XS
DELHI,04-02-22,M
DELHI,04-03-22,L
DELHI,04-04-22,L
DELHI,04-05-22,L
DELHI,04-06-22,L
DELHI,04-07-22,L
DELHI,04-08-22,L
DELHI,04-09-22,L
DELHI,04-10-22,L
DELHI,04-11-22,L
DELHI,04-12-22,XL
DELHI,04-13-22,L
DELHI,04-14-22,L
DELHI,04-15-22,L
DELHI,04-16-22,M
DELHI,04-17-22,XL
DELHI,04-18-22,M
DELHI,04-19-22,M
DELHI,04-20-22,M
DELHI,04-21-22,M
DELHI,04-22-22,M
DELHI,04-23-22,M
DELHI,04-24-22,M
DELHI,04-25-22,M
DELHI,04-26-22,M
DELHI,04-27-22,M
DELHI,04-28-22,M
DELHI,04-29-22,M
DELHI,04-30-22,M
DELHI,05-01-22,M
DELHI,05-02-22,M
DELHI,05-03-22,M
DELHI,05-04-22,M
DELHI,05-05-22,M
DELHI,05-06-22,M
DELHI,05-07-22,M
DELHI,05-08-22,M
DELHI,05-09-22,M
DELHI,05-10-22,M
DELHI,05-11-22,M
DELHI,05-12-22,L
DELHI,05-13-22,L
DELHI,05-14-22,L
DELHI,05-15-22,L
DELHI,05-16-22,L
DELHI,05-17-22,L
DELHI,05-18-22,L
DELHI,05-19-22,L
DELHI,05-20-22,L
DELHI,05-21-22,M
DELHI,05-22-22,L
DELHI,05-23-22,M
DELHI,05-24-22,M
DELHI,05-25-22,M
DELHI,05-26-22,M
DELHI,05-27-22,M
DELHI,05-28-22,M
DELHI,05-29-22,M
DELHI,05-30-22,M
DELHI,05-31-22,M
DELHI,06-01-22,M
DELHI,06-02-22,M
DELHI,06-03-22,M
DELHI,06-04-22,M
DELHI,06-05-22,M
DELHI,06-06-22,M
DELHI,06-07-22,XXL
DELHI,06-08-22,XXL
DELHI,06-09-22,XXL
DELHI,06-10-22,L
DELHI,06-11-22,XXL
DELHI,06-12-22,XXL
DELHI,06-13-22,L
DELHI,06-14-22,L
DELHI,06-15-22,L
DELHI,06-16-22,XL
DELHI,06-17-22,XL
DELHI,06-18-22,XL
DELHI,06-19-22,XL
DELHI,06-20-22,XL
DELHI,06-21-22,XL
DELHI,06-22-22,XL
DELHI,06-23-22,XL
DELHI,06-24-22,XL
DELHI,06-25-22,XL
DELHI,06-26-22,XL
DELHI,06-27-22,XL
DELHI,06-28-22,XL
DELHI,06-29-22,XL
DELHI,06-30-22,XXL
DELHI,07-01-22,XXL
DELHI,07-02-22,M
DELHI,07-03-22,L
DELHI,07-04-22,L
DELHI,07-05-22,L
DELHI,07-06-22,L
DELHI,07-07-22,XXL
DELHI,07-08-22,XS
DELHI,07-09-22,M
GOA,04-01-22,XXL
GOA,04-02-22,S
GOA,04-03-22,S
GOA,04-04-22,S
GOA,04-05-22,S
GOA,04-06-22,L
GOA,04-07-22,L
GOA,04-08-22,L
GOA,04-09-22,L
GOA,04-10-22,L
GOA,04-11-22,L
GOA,04-12-22,L
GOA,04-13-22,L
GOA,04-14-22,M
GOA,04-15-22,M
GOA,04-16-22,M
GOA,04-17-22,M
GOA,04-18-22,M
GOA,04-19-22,M
GOA,04-20-22,M
GOA,04-21-22,M
GOA,04-22-22,M
GOA,04-23-22,M
GOA,04-24-22,M
GOA,04-25-22,M
GOA,04-26-22,M
GOA,04-27-22,M
GOA,04-28-22,S
GOA,04-29-22,M
GOA,04-30-22,M
GOA,05-01-22,M
GOA,05-02-22,3XL
GOA,05-03-22,M
GOA,05-04-22,M
GOA,05-05-22,M
GOA,05-06-22,M
GOA,05-07-22,M
GOA,05-08-22,M
GOA,05-09-22,L
GOA,05-10-22,XL
GOA,05-11-22,L
GOA,05-12-22,L
GOA,05-13-22,XS
GOA,05-14-22,XXL
GOA,05-15-22,XXL
GOA,05-16-22,S
GOA,05-17-22,XXL
GOA,05-18-22,XXL
GOA,05-19-22,L
GOA,05-20-22,L
GOA,05-21-22,L
GOA,05-22-22,S
GOA,05-23-22,M
GOA,05-24-22,M
GOA,05-25-22,M
GOA,05-26-22,XL
GOA,05-27-22,M
GOA,05-28-22,XL
GOA,05-29-22,XL
GOA,05-30-22,M
GOA,05-31-22,M
GOA,06-01-22,M
GOA,06-02-22,M
GOA,06-03-22,M
GOA,06-04-22,S
GOA,06-05-22,M
GOA,06-06-22,M
GOA,06-07-22,M
GOA,06-08-22,M
GOA,06-09-22,M
GOA,06-10-22,XXL
GOA,06-11-22,XXL
GOA,06-12-22,XXL
GOA,06-13-22,XXL
GOA,06-14-22,XXL
GOA,06-15-22,XXL
GOA,06-16-22,XXL
GOA,06-17-22,M
GOA,06-18-22,M
GOA,06-19-22,M
GOA,06-20-22,M
GOA,06-21-22,M
GOA,06-22-22,M
GOA,06-23-22,M
GOA,06-24-22,M
GOA,06-25-22,M
GOA,06-26-22,M
GOA,06-27-22,M
GOA,06-28-22,M
GOA,06-29-22,M
GOA,06-30-22,M
GOA,07-01-22,M
GOA,07-02-22,M
GOA,07-03-22,M
GOA,07-04-22,M
GOA,07-05-22,M
GOA,07-06-22,XS
GOA,07-07-22,XS
GOA,07-08-22,M
GOA,07-09-22,M
GUJARAT,04-01-22,XXL
GUJARAT,04-02-22,XL
GUJARAT,04-03-22,XL
GUJARAT,04-04-22,XL
GUJARAT,04-05-22,XL
GUJARAT,04-06-22,XL
GUJARAT,04-07-22,XL
GUJARAT,04-08-22,XL
GUJARAT,04-09-22,XL
GUJARAT,04-10-22,L
GUJARAT,04-11-22,L
GUJARAT,04-12-22,L
GUJARAT,04-13-22,L
GUJARAT,04-14-22,L
GUJARAT,04-15-22,L
GUJARAT,04-16-22,L
GUJARAT,04-17-22,L
GUJARAT,04-18-22,L
GUJARAT,04-19-22,L
GUJARAT,04-20-22,M
GUJARAT,04-21-22,M
GUJARAT,04-22-22,M
GUJARAT,04-23-22,M
GUJARAT,04-24-22,M
GUJARAT,04-25-22,M
GUJARAT,04-26-22,M
GUJARAT,04-27-22,M
GUJARAT,04-28-22,XL
GUJARAT,04-29-22,XL
GUJARAT,04-30-22,XL
GUJARAT,05-01-22,XL
GUJARAT,05-02-22,XL
GUJARAT,05-03-22,XL
GUJARAT,05-04-22,XL
GUJARAT,05-05-22,XL
GUJARAT,05-06-22,XL
GUJARAT,05-07-22,XL
GUJARAT,05-08-22,XL
GUJARAT,05-09-22,XL
GUJARAT,05-10-22,XL
GUJARAT,05-11-22,3XL
GUJARAT,05-12-22,3XL
GUJARAT,05-13-22,3XL
GUJARAT,05-14-22,3XL
GUJARAT,05-15-22,3XL
GUJARAT,05-16-22,3XL
GUJARAT,05-17-22,3XL
GUJARAT,05-18-22,3XL
GUJARAT,05-19-22,L
GUJARAT,05-20-22,3XL
GUJARAT,05-21-22,3XL
GUJARAT,05-22-22,3XL
GUJARAT,05-23-22,3XL
GUJARAT,05-24-22,3XL
GUJARAT,05-25-22,3XL
GUJARAT,05-26-22,L
GUJARAT,05-27-22,L
GUJARAT,05-28-22,L
GUJARAT,05-29-22,3XL
GUJARAT,05-30-22,3XL
GUJARAT,05-31-22,XXL
GUJARAT,06-01-22,XL
GUJARAT,06-02-22,XL
GUJARAT,06-03-22,XL
GUJARAT,06-04-22,XL
GUJARAT,06-05-22,XL
GUJARAT,06-06-22,L
GUJARAT,06-07-22,L
GUJARAT,06-08-22,L
GUJARAT,06-09-22,L
GUJARAT,06-10-22,L
GUJARAT,06-11-22,L
GUJARAT,06-12-22,L
GUJARAT,06-13-22,XXL
GUJARAT,06-14-22,XXL
GUJARAT,06-15-22,XXL
GUJARAT,06-16-22,XXL
GUJARAT,06-17-22,XXL
GUJARAT,06-18-22,XXL
GUJARAT,06-19-22,XXL
GUJARAT,06-20-22,M
GUJARAT,06-21-22,XXL
GUJARAT,06-22-22,XXL
GUJARAT,06-23-22,XXL
GUJARAT,06-24-22,XXL
GUJARAT,06-25-22,XXL
GUJARAT,06-26-22,XL
GUJARAT,06-27-22,XL
GUJARAT,06-28-22,XXL
GUJARAT,06-29-22,XL
GUJARAT,06-30-22,XXL
GUJARAT,07-01-22,XXL
GUJARAT,07-02-22,XXL
GUJARAT,07-03-22,XXL
GUJARAT,07-04-22,XL
GUJARAT,07-05-22,XL
GUJARAT,07-06-22,L
GUJARAT,07-07-22,XXL
GUJARAT,07-08-22,XL
GUJARAT,07-09-22,S
HARYANA,04-01-22,XL
HARYANA,04-02-22,XL
HARYANA,04-03-22,S
HARYANA,04-04-22,L
HARYANA,04-05-22,L
HARYANA,04-06-22,L
HARYANA,04-07-22,L
HARYANA,04-08-22,L
HARYANA,04-09-22,L
HARYANA,04-10-22,L
HARYANA,04-11-22,L
HARYANA,04-12-22,L
HARYANA,04-13-22,M
HARYANA,04-14-22,M
HARYANA,04-15-22,M
HARYANA,04-16-22,M
HARYANA,04-17-22,M
HARYANA,04-18-22,M
HARYANA,04-19-22,M
HARYANA,04-20-22,M
HARYANA,04-21-22,M
HARYANA,04-22-22,M
HARYANA,04-23-22,M
HARYANA,04-24-22,XL
HARYANA,04-25-22,L
HARYANA,04-26-22,XL
HARYANA,04-27-22,XL
HARYANA,04-28-22,XL
HARYANA,04-29-22,XL
HARYANA,04-30-22,XL
HARYANA,05-01-22,XL
HARYANA,05-02-22,L
HARYANA,05-03-22,XL
HARYANA,05-04-22,L
HARYANA,05-05-22,XL
HARYANA,05-06-22,XL
HARYANA,05-07-22,XL
HARYANA,05-08-22,XL
HARYANA,05-09-22,L
HARYANA,05-10-22,M
HARYANA,05-11-22,M
HARYANA,05-12-22,M
HARYANA,05-13-22,M
HARYANA,05-14-22,M
HARYANA,05-15-22,M
HARYANA,05-16-22,M
HARYANA,05-17-22,M
HARYANA,05-18-22,XL
HARYANA,05-19-22,XL
HARYANA,05-20-22,L
HARYANA,05-21-22,XL
HARYANA,05-22-22,L
HARYANA,05-23-22,L
HARYANA,05-24-22,L
HARYANA,05-25-22,L
HARYANA,05-26-22,L
HARYANA,05-27-22,L
HARYANA,05-28-22,M
HARYANA,05-29-22,M
HARYANA,05-30-22,M
HARYANA,05-31-22,M
HARYANA,06-01-22,M
HARYANA,06-02-22,M
HARYANA,06-03-22,M
HARYANA,06-04-22,M
HARYANA,06-05-22,M
HARYANA,06-06-22,M
HARYANA,06-07-22,L
HARYANA,06-08-22,M
HARYANA,06-09-22,L
HARYANA,06-10-22,L
HARYANA,06-11-22,L
HARYANA,06-12-22,L
HARYANA,06-13-22,L
HARYANA,06-14-22,L
HARYANA,06-15-22,L
HARYANA,06-16-22,L
HARYANA,06-17-22,L
HARYANA,06-18-22,L
HARYANA,06-19-22,L
HARYANA,06-20-22,L
HARYANA,06-21-22,L
HARYANA,06-22-22,L
HARYANA,06-23-22,L
HARYANA,06-24-22,XXL
HARYANA,06-25-22,M
HARYANA,06-26-22,XXL
HARYANA,06-27-22,XL
HARYANA,06-28-22,L
HARYANA,06-29-22,L
HARYANA,06-30-22,XL
HARYANA,07-01-22,L
HARYANA,07-02-22,XL
HARYANA,07-03-22,XL
HARYANA,07-04-22,L
HARYANA,07-05-22,L
HARYANA,07-06-22,L
HARYANA,07-07-22,L
HARYANA,07-08-22,M
HARYANA,07-09-22,S
HIMACHAL PRADESH,04-02-22,L
HIMACHAL PRADESH,04-03-22,L
HIMACHAL PRADESH,04-04-22,L
HIMACHAL PRADESH,04-05-22,L
HIMACHAL PRADESH,04-06-22,L
HIMACHAL PRADESH,04-07-22,L
HIMACHAL PRADESH,04-08-22,L
HIMACHAL PRADESH,04-09-22,L
HIMACHAL PRADESH,04-10-22,L
HIMACHAL PRADESH,04-11-22,L
HIMACHAL PRADESH,04-12-22,L
HIMACHAL PRADESH,04-13-22,L
HIMACHAL PRADESH,04-14-22,L
HIMACHAL PRADESH,04-15-22,L
HIMACHAL PRADESH,04-16-22,M
HIMACHAL PRADESH,04-17-22,L
HIMACHAL PRADESH,04-18-22,XL
HIMACHAL PRADESH,04-19-22,S
HIMACHAL PRADESH,04-20-22,L
HIMACHAL PRADESH,04-21-22,L
HIMACHAL PRADESH,04-22-22,L
HIMACHAL PRADESH,04-23-22,L
HIMACHAL PRADESH,04-24-22,L
HIMACHAL PRADESH,04-25-22,L
HIMACHAL PRADESH,04-26-22,S
HIMACHAL PRADESH,04-27-22,L
HIMACHAL PRADESH,04-28-22,L
HIMACHAL PRADESH,04-29-22,L
HIMACHAL PRADESH,04-30-22,M
HIMACHAL PRADESH,05-01-22,M
HIMACHAL PRADESH,05-02-22,M
HIMACHAL PRADESH,05-03-22,M
HIMACHAL PRADESH,05-04-22,M
HIMACHAL PRADESH,05-05-22,M
HIMACHAL PRADESH,05-06-22,M
HIMACHAL PRADESH,05-07-22,M
HIMACHAL PRADESH,05-08-22,M
HIMACHAL PRADESH,05-09-22,M
HIMACHAL PRADESH,05-10-22,M
HIMACHAL PRADESH,05-11-22,M
HIMACHAL PRADESH,05-12-22,M
HIMACHAL PRADESH,05-13-22,M
HIMACHAL PRADESH,05-14-22,M
HIMACHAL PRADESH,05-15-22,M
HIMACHAL PRADESH,05-16-22,XL
HIMACHAL PRADESH,05-17-22,XL
HIMACHAL PRADESH,05-18-22,M
HIMACHAL PRADESH,05-19-22,XL
HIMACHAL PRADESH,05-20-22,XL
HIMACHAL PRADESH,05-21-22,XL
HIMACHAL PRADESH,05-22-22,M
HIMACHAL PRADESH,05-23-22,M
HIMACHAL PRADESH,05-24-22,M
HIMACHAL PRADESH,05-25-22,M
HIMACHAL PRADESH,05-26-22,M
HIMACHAL PRADESH,05-27-22,M
HIMACHAL PRADESH,05-28-22,M
HIMACHAL PRADESH,05-29-22,L
HIMACHAL PRADESH,05-30-22,L
HIMACHAL PRADESH,05-31-22,L
HIMACHAL PRADESH,06-01-22,L
HIMACHAL PRADESH,06-02-22,L
HIMACHAL PRADESH,06-03-22,L
HIMACHAL PRADESH,06-04-22,L
HIMACHAL PRADESH,06-05-22,L
HIMACHAL PRADESH,06-06-22,L
HIMACHAL PRADESH,06-07-22,S
HIMACHAL PRADESH,06-08-22,S
HIMACHAL PRADESH,06-09-22,S
HIMACHAL PRADESH,06-10-22,S
HIMACHAL PRADESH,06-11-22,S
HIMACHAL PRADESH,06-12-22,S
HIMACHAL PRADESH,06-13-22,S
HIMACHAL PRADESH,06-14-22,S
HIMACHAL PRADESH,06-15-22,S
HIMACHAL PRADESH,06-16-22,S
HIMACHAL PRADESH,06-17-22,S
HIMACHAL PRADESH,06-18-22,M
HIMACHAL PRADESH,06-19-22,M
HIMACHAL PRADESH,06-20-22,L
HIMACHAL PRADESH,06-21-22,L
HIMACHAL PRADESH,06-22-22,L
HIMACHAL PRADESH,06-23-22,XL
HIMACHAL PRADESH,06-24-22,L
HIMACHAL PRADESH,06-25-22,XL
HIMACHAL PRADESH,06-26-22,L
HIMACHAL PRADESH,06-27-22,L
HIMACHAL PRADESH,06-28-22,L
HIMACHAL PRADESH,06-29-22,S
HIMACHAL PRADESH,06-30-22,S
HIMACHAL PRADESH,07-01-22,S
HIMACHAL PRADESH,07-02-22,S
HIMACHAL PRADESH,07-03-22,S
HIMACHAL PRADESH,07-04-22,S
HIMACHAL PRADESH,07-05-22,S
HIMACHAL PRADESH,07-06-22,M
HIMACHAL PRADESH,07-07-22,S
HIMACHAL PRADESH,07-08-22,S
JAMMU & KASHMIR,04-02-22,L
JAMMU & KASHMIR,04-03-22,M
JAMMU & KASHMIR,04-04-22,XL
JAMMU & KASHMIR,04-05-22,3XL
JAMMU & KASHMIR,04-06-22,M
JAMMU & KASHMIR,04-07-22,3XL
JAMMU & KASHMIR,04-08-22,M
JAMMU & KASHMIR,04-09-22,3XL
JAMMU & KASHMIR,04-10-22,3XL
JAMMU & KASHMIR,04-11-22,3XL
JAMMU & KASHMIR,04-12-22,3XL
JAMMU & KASHMIR,04-13-22,3XL
JAMMU & KASHMIR,04-14-22,3XL
JAMMU & KASHMIR,04-15-22,3XL
JAMMU & KASHMIR,04-16-22,3XL
JAMMU & KASHMIR,04-17-22,3XL
JAMMU & KASHMIR,04-18-22,3XL
JAMMU & KASHMIR,04-19-22,3XL
JAMMU & KASHMIR,04-20-22,L
JAMMU & KASHMIR,04-21-22,S
JAMMU & KASHMIR,04-22-22,S
JAMMU & KASHMIR,04-23-22,S
JAMMU & KASHMIR,04-24-22,L
JAMMU & KASHMIR,04-25-22,L
JAMMU & KASHMIR,04-26-22,S
JAMMU & KASHMIR,04-27-22,S
JAMMU & KASHMIR,04-28-22,S
JAMMU & KASHMIR,04-29-22,S
JAMMU & KASHMIR,04-30-22,S
JAMMU & KASHMIR,05-01-22,L
JAMMU & KASHMIR,05-02-22,XL
JAMMU & KASHMIR,05-03-22,M
JAMMU & KASHMIR,05-04-22,XL
JAMMU & KASHMIR,05-05-22,XL
JAMMU & KASHMIR,05-06-22,M
JAMMU & KASHMIR,05-07-22,M
JAMMU & KASHMIR,05-08-22,M
JAMMU & KASHMIR,05-09-22,XL
JAMMU & KASHMIR,05-10-22,XL
JAMMU & KASHMIR,05-11-22,XL
JAMMU & KASHMIR,05-12-22,L
JAMMU & KASHMIR,05-13-22,L
JAMMU & KASHMIR,05-14-22,L
JAMMU & KASHMIR,05-15-22,L
JAMMU & KASHMIR,05-16-22,L
JAMMU & KASHMIR,05-17-22,L
JAMMU & KASHMIR,05-18-22,L
JAMMU & KASHMIR,05-19-22,XXL
JAMMU & KASHMIR,05-20-22,L
JAMMU & KASHMIR,05-21-22,L
JAMMU & KASHMIR,05-22-22,M
JAMMU & KASHMIR,05-23-22,M
JAMMU & KASHMIR,05-24-22,M
JAMMU & KASHMIR,05-25-22,M
JAMMU & KASHMIR,05-26-22,XXL
JAMMU & KASHMIR,05-27-22,XXL
JAMMU & KASHMIR,05-28-22,3XL
JAMMU & KASHMIR,05-29-22,3XL
JAMMU & KASHMIR,05-30-22,3XL
JAMMU & KASHMIR,05-31-22,3XL
JAMMU & KASHMIR,06-01-22,3XL
JAMMU & KASHMIR,06-02-22,XXL
JAMMU & KASHMIR,06-03-22,L
JAMMU & KASHMIR,06-04-22,L
JAMMU & KASHMIR,06-05-22,L
JAMMU & KASHMIR,06-06-22,L
JAMMU & KASHMIR,06-07-22,L
JAMMU & KASHMIR,06-08-22,L
JAMMU & KASHMIR,06-09-22,L
JAMMU & KASHMIR,06-10-22,L
JAMMU & KASHMIR,06-11-22,XXL
JAMMU & KASHMIR,06-12-22,L
JAMMU & KASHMIR,06-13-22,L
JAMMU & KASHMIR,06-14-22,L
JAMMU & KASHMIR,06-15-22,L
JAMMU & KASHMIR,06-16-22,L
JAMMU & KASHMIR,06-17-22,L
JAMMU & KASHMIR,06-18-22,L
JAMMU & KASHMIR,06-19-22,L
JAMMU & KASHMIR,06-20-22,L
JAMMU & KASHMIR,06-21-22,L
JAMMU & KASHMIR,06-22-22,XXL
JAMMU & KASHMIR,06-23-22,XXL
JAMMU & KASHMIR,06-24-22,XXL
JAMMU & KASHMIR,06-25-22,3XL
JAMMU & KASHMIR,06-26-22,XXL
JAMMU & KASHMIR,06-27-22,XXL
JAMMU & KASHMIR,06-28-22,XXL
JAMMU & KASHMIR,06-29-22,XXL
JAMMU & KASHMIR,06-30-22,XXL
JAMMU & KASHMIR,07-01-22,XXL
JAMMU & KASHMIR,07-02-22,XL
JAMMU & KASHMIR,07-03-22,XXL
JAMMU & KASHMIR,07-04-22,XXL
JAMMU & KASHMIR,07-05-22,XL
JAMMU & KASHMIR,07-06-22,XXL
JAMMU & KASHMIR,07-07-22,M
JAMMU & KASHMIR,07-08-22,S
JHARKHAND,04-01-22,M
JHARKHAND,04-02-22,XXL
JHARKHAND,04-03-22,M
JHARKHAND,04-04-22,M
JHARKHAND,04-05-22,M
JHARKHAND,04-06-22,M
JHARKHAND,04-07-22,M
JHARKHAND,04-08-22,M
JHARKHAND,04-09-22,M
JHARKHAND,04-10-22,M
JHARKHAND,04-11-22,M
JHARKHAND,04-12-22,M
JHARKHAND,04-13-22,L
JHARKHAND,04-14-22,M
JHARKHAND,04-15-22,L
JHARKHAND,04-16-22,L
JHARKHAND,04-17-22,L
JHARKHAND,04-18-22,L
JHARKHAND,04-19-22,L
JHARKHAND,04-20-22,L
JHARKHAND,04-21-22,M
JHARKHAND,04-22-22,M
JHARKHAND,04-23-22,M
JHARKHAND,04-24-22,M
JHARKHAND,04-25-22,M
JHARKHAND,04-26-22,M
JHARKHAND,04-27-22,M
JHARKHAND,04-28-22,M
JHARKHAND,04-29-22,M
JHARKHAND,04-30-22,M
JHARKHAND,05-01-22,M
JHARKHAND,05-02-22,M
JHARKHAND,05-03-22,M
JHARKHAND,05-04-22,M
JHARKHAND,05-05-22,M
JHARKHAND,05-06-22,M
JHARKHAND,05-07-22,S
JHARKHAND,05-08-22,S
JHARKHAND,05-09-22,S
JHARKHAND,05-10-22,S
JHARKHAND,05-11-22,S
JHARKHAND,05-12-22,S
JHARKHAND,05-13-22,S
JHARKHAND,05-14-22,S
JHARKHAND,05-15-22,XL
JHARKHAND,05-16-22,L
JHARKHAND,05-17-22,L
JHARKHAND,05-18-22,L
JHARKHAND,05-19-22,L
JHARKHAND,05-20-22,L
JHARKHAND,05-21-22,L
JHARKHAND,05-22-22,L
JHARKHAND,05-23-22,L
JHARKHAND,05-24-22,L
JHARKHAND,05-25-22,L
JHARKHAND,05-26-22,S
JHARKHAND,05-27-22,S
JHARKHAND,05-28-22,S
JHARKHAND,05-29-22,S
JHARKHAND,05-30-22,S
JHARKHAND,05-31-22,M
JHARKHAND,06-01-22,M
JHARKHAND,06-02-22,M
JHARKHAND,06-03-22,M
JHARKHAND,06-04-22,M
JHARKHAND,06-05-22,M
JHARKHAND,06-06-22,M
JHARKHAND,06-07-22,M
JHARKHAND,06-08-22,M
JHARKHAND,06-09-22,M
JHARKHAND,06-10-22,M
JHARKHAND,06-11-22,L
JHARKHAND,06-12-22,M
JHARKHAND,06-13-22,M
JHARKHAND,06-14-22,M
JHARKHAND,06-15-22,L
JHARKHAND,06-16-22,L
JHARKHAND,06-17-22,L
JHARKHAND,06-18-22,L
JHARKHAND,06-19-22,L
JHARKHAND,06-20-22,L
JHARKHAND,06-21-22,L
JHARKHAND,06-22-22,M
JHARKHAND,06-23-22,M
JHARKHAND,06-24-22,L
JHARKHAND,06-25-22,M
JHARKHAND,06-26-22,L
JHARKHAND,06-27-22,M
JHARKHAND,06-28-22,M
JHARKHAND,06-29-22,M
JHARKHAND,06-30-22,M
JHARKHAND,07-01-22,M
JHARKHAND,07-02-22,M
JHARKHAND,07-03-22,M
JHARKHAND,07-04-22,M
JHARKHAND,07-05-22,M
JHARKHAND,07-06-22,M
JHARKHAND,07-07-22,3XL
JHARKHAND,07-08-22,3XL
JHARKHAND,07-09-22,3XL
KARNATAKA,04-01-22,M
KARNATAKA,04-02-22,M
KARNATAKA,04-03-22,M
KARNATAKA,04-04-22,XL
KARNATAKA,04-05-22,XL
KARNATAKA,04-06-22,L
KARNATAKA,04-07-22,L
KARNATAKA,04-08-22,L
KARNATAKA,04-09-22,L
KARNATAKA,04-10-22,L
KARNATAKA,04-11-22,L
KARNATAKA,04-12-22,L
KARNATAKA,04-13-22,L
KARNATAKA,04-14-22,L
KARNATAKA,04-15-22,L
KARNATAKA,04-16-22,L
KARNATAKA,04-17-22,L
KARNATAKA,04-18-22,L
KARNATAKA,04-19-22,M
KARNATAKA,04-20-22,XL
KARNATAKA,04-21-22,M
KARNATAKA,04-22-22,M
KARNATAKA,04-23-22,M
KARNATAKA,04-24-22,M
KARNATAKA,04-25-22,M
KARNATAKA,04-26-22,M
KARNATAKA,04-27-22,M
KARNATAKA,04-28-22,L
KARNATAKA,04-29-22,L
KARNATAKA,04-30-22,L
KARNATAKA,05-01-22,L
KARNATAKA,05-02-22,L
KARNATAKA,05-03-22,L
KARNATAKA,05-04-22,M
KARNATAKA,05-05-22,M
KARNATAKA,05-06-22,M
KARNATAKA,05-07-22,XL
KARNATAKA,05-08-22,XL
KARNATAKA,05-09-22,M
KARNATAKA,05-10-22,XL
KARNATAKA,05-11-22,M
KARNATAKA,05-12-22,M
KARNATAKA,05-13-22,M
KARNATAKA,05-14-22,M
KARNATAKA,05-15-22,M
KARNATAKA,05-16-22,M
KARNATAKA,05-17-22,M
KARNATAKA,05-18-22,M
KARNATAKA,05-19-22,M
KARNATAKA,05-20-22,M
KARNATAKA,05-21-22,M
KARNATAKA,05-22-22,M
KARNATAKA,05-23-22,M
KARNATAKA,05-24-22,L
KARNATAKA,05-25-22,L
KARNATAKA,05-26-22,XL
KARNATAKA,05-27-22,XL
KARNATAKA,05-28-22,XL
KARNATAKA,05-29-22,XL
KARNATAKA,05-30-22,XL
KARNATAKA,05-31-22,XL
KARNATAKA,06-01-22,XL
KARNATAKA,06-02-22,M
KARNATAKA,06-03-22,M
KARNATAKA,06-04-22,M
KARNATAKA,06-05-22,M
KARNATAKA,06-06-22,M
KARNATAKA,06-07-22,XL
KARNATAKA,06-08-22,L
KARNATAKA,06-09-22,XL
KARNATAKA,06-10-22,L
KARNATAKA,06-11-22,L
KARNATAKA,06-12-22,XL
KARNATAKA,06-13-22,XL
KARNATAKA,06-14-22,L
KARNATAKA,06-15-22,L
KARNATAKA,06-16-22,M
KARNATAKA,06-17-22,M
KARNATAKA,06-18-22,M
KARNATAKA,06-19-22,M
KARNATAKA,06-20-22,M
KARNATAKA,06-21-22,XL
KARNATAKA,06-22-22,M
KARNATAKA,06-23-22,M
KARNATAKA,06-24-22,L
KARNATAKA,06-25-22,L
KARNATAKA,06-26-22,L
KARNATAKA,06-27-22,M
KARNATAKA,06-28-22,M
KARNATAKA,06-29-22,M
KARNATAKA,06-30-22,L
KARNATAKA,07-01-22,L
KARNATAKA,07-02-22,L
KARNATAKA,07-03-22,L
KARNATAKA,07-04-22,M
KERALA,04-01-22,S
KERALA,04-02-22,XL
KERALA,04-03-22,M
KERALA,04-04-22,M
KERALA,04-05-22,M
KERALA,04-06-22,M
KERALA,04-07-22,M
KERALA,04-08-22,M
KERALA,04-09-22,L
KERALA,04-10-22,L
KERALA,04-11-22,M
KERALA,04-12-22,M
KERALA,04-13-22,M
KERALA,04-14-22,M
KERALA,04-15-22,L
KERALA,04-16-22,L
KERALA,04-17-22,L
KERALA,04-18-22,L
KERALA,04-19-22,L
KERALA,04-20-22,L
KERALA,04-21-22,L
KERALA,04-22-22,L
KERALA,04-23-22,L
KERALA,04-24-22,L
KERALA,04-25-22,L
KERALA,04-26-22,L
KERALA,04-27-22,L
KERALA,04-28-22,XL
KERALA,04-29-22,L
KERALA,04-30-22,L
KERALA,05-01-22,L
KERALA,05-02-22,XL
KERALA,05-03-22,XL
KERALA,05-04-22,XL
KERALA,05-05-22,XL
KERALA,05-06-22,XL
KERALA,05-07-22,M
KERALA,05-08-22,L
KERALA,05-09-22,M
KERALA,05-10-22,L
KERALA,05-11-22,L
KERALA,05-12-22,L
KERALA,05-13-22,L
KERALA,05-14-22,S
KERALA,05-15-22,S
KERALA,05-16-22,S
KERALA,05-17-22,L
KERALA,05-18-22,L
KERALA,05-19-22,L
KERALA,05-20-22,L
KERALA,05-21-22,L
KERALA,05-22-22,L
KERALA,05-23-22,L
KERALA,05-24-22,L
KERALA,05-25-22,L
KERALA,05-26-22,L
KERALA,05-27-22,XL
KERALA,05-28-22,XL
KERALA,05-29-22,XL
KERALA,05-30-22,XL
KERALA,05-31-22,XL
KERALA,06-01-22,XL
KERALA,06-02-22,XL
KERALA,06-03-22,XL
KERALA,06-04-22,XL
KERALA,06-05-22,XL
KERALA,06-06-22,XL
KERALA,06-07-22,XL
KERALA,06-08-22,M
KERALA,06-09-22,M
KERALA,06-10-22,M
KERALA,06-11-22,M
KERALA,06-12-22,L
KERALA,06-13-22,L
KERALA,06-14-22,L
KERALA,06-15-22,M
KERALA,06-16-22,M
KERALA,06-17-22,M
KERALA,06-18-22,M
KERALA,06-19-22,M
KERALA,06-20-22,M
KERALA,06-21-22,M
KERALA,06-22-22,L
KERALA,06-23-22,L
KERALA,06-24-22,L
KERALA,06-25-22,L
KERALA,06-26-22,L
KERALA,06-27-22,L
KERALA,06-28-22,L
KERALA,06-29-22,L
KERALA,06-30-22,L
KERALA,07-01-22,L
KERALA,07-02-22,L
KERALA,07-03-22,L
KERALA,07-04-22,L
KERALA,07-05-22,L
KERALA,07-06-22,L
KERALA,07-07-22,S
KERALA,07-08-22,XL
KERALA,07-09-22,M
LADAKH,04-04-22,M
LADAKH,04-05-22,M
LADAKH,04-06-22,M
LADAKH,04-07-22,M
LADAKH,04-08-22,M
LADAKH,04-09-22,M
LADAKH,04-10-22,M
LADAKH,04-11-22,M
LADAKH,04-12-22,M
LADAKH,04-13-22,M
LADAKH,04-14-22,XL
LADAKH,04-15-22,L
LADAKH,04-16-22,S
LADAKH,04-17-22,S
LADAKH,04-18-22,S
LADAKH,04-19-22,S
LADAKH,04-20-22,L
LADAKH,04-21-22,L
LADAKH,04-22-22,L
LADAKH,04-23-22,L
LADAKH,04-24-22,L
LADAKH,04-25-22,L
LADAKH,04-26-22,L
LADAKH,04-27-22,L
LADAKH,04-28-22,L
LADAKH,04-29-22,L
LADAKH,04-30-22,L
LADAKH,05-01-22,XXL
LADAKH,05-02-22,XXL
LADAKH,05-03-22,XXL
LADAKH,05-04-22,XXL
LADAKH,05-05-22,M
LADAKH,05-06-22,M
LADAKH,05-07-22,XL
LADAKH,05-08-22,XL
LADAKH,05-09-22,XL
LADAKH,05-10-22,XL
LADAKH,05-11-22,S
LADAKH,05-12-22,S
LADAKH,05-13-22,S
LADAKH,05-14-22,S
LADAKH,05-15-22,S
LADAKH,05-16-22,S
LADAKH,05-17-22,S
LADAKH,05-18-22,S
LADAKH,05-19-22,S
LADAKH,05-20-22,S
LADAKH,05-21-22,M
LADAKH,05-22-22,M
LADAKH,05-23-22,M
LADAKH,05-24-22,M
LADAKH,05-25-22,M
LADAKH,05-26-22,M
LADAKH,05-27-22,M
LADAKH,05-28-22,M
LADAKH,05-29-22,M
LADAKH,05-30-22,M
LADAKH,05-31-22,M
LADAKH,06-01-22,M
LADAKH,06-02-22,M
LADAKH,06-03-22,M
LADAKH,06-04-22,M
LADAKH,06-05-22,S
LADAKH,06-06-22,XS
LADAKH,06-07-22,M
LADAKH,06-08-22,M
LADAKH,06-09-22,M
LADAKH,06-10-22,M
LADAKH,06-11-22,M
LADAKH,06-12-22,S
LADAKH,06-13-22,S
LADAKH,06-14-22,S
LADAKH,06-15-22,M
LADAKH,06-16-22,M
LADAKH,06-17-22,S
LADAKH,06-18-22,S
LADAKH,06-19-22,S
LADAKH,06-20-22,M
LADAKH,06-21-22,M
LADAKH,06-22-22,M
LADAKH,06-23-22,M
LADAKH,06-24-22,M
LADAKH,06-25-22,M
LADAKH,06-26-22,M
LADAKH,06-27-22,M
LADAKH,06-28-22,M
LADAKH,06-29-22,M
LADAKH,06-30-22,XXL
LADAKH,07-01-22,XXL
LADAKH,07-02-22,XXL
LADAKH,07-03-22,XXL
LADAKH,07-04-22,XXL
LADAKH,07-05-22,XXL
LADAKH,07-06-22,XXL
LADAKH,07-07-22,XXL
LAKSHADWEEP,04-13-22,M
LAKSHADWEEP,04-14-22,M
LAKSHADWEEP,04-15-22,M
LAKSHADWEEP,04-16-22,M
LAKSHADWEEP,04-17-22,M
LAKSHADWEEP,04-18-22,M
LAKSHADWEEP,04-19-22,M
LAKSHADWEEP,04-20-22,M
LAKSHADWEEP,04-21-22,M
LAKSHADWEEP,04-22-22,M
LAKSHADWEEP,05-13-22,S
LAKSHADWEEP,05-14-22,S
LAKSHADWEEP,05-15-22,S
LAKSHADWEEP,05-16-22,S
LAKSHADWEEP,05-17-22,S
LAKSHADWEEP,05-18-22,S
LAKSHADWEEP,05-19-22,S
LAKSHADWEEP,05-20-22,S
LAKSHADWEEP,05-21-22,S
LAKSHADWEEP,05-22-22,S
LAKSHADWEEP,06-07-22,3XL
LAKSHADWEEP,06-08-22,3XL
LAKSHADWEEP,06-09-22,3XL
LAKSHADWEEP,06-10-22,3XL
LAKSHADWEEP,06-11-22,3XL
LAKSHADWEEP,06-12-22,3XL
LAKSHADWEEP,06-13-22,3XL
LAKSHADWEEP,06-14-22,3XL
LAKSHADWEEP,06-15-22,3XL
LAKSHADWEEP,06-16-22,3XL
MADHYA PRADESH,04-01-22,XL
MADHYA PRADESH,04-02-22,L
MADHYA PRADESH,04-03-22,L
MADHYA PRADESH,04-04-22,L
MADHYA PRADESH,04-05-22,M
MADHYA PRADESH,04-06-22,M
MADHYA PRADESH,04-07-22,M
MADHYA PRADESH,04-08-22,L
MADHYA PRADESH,04-09-22,L
MADHYA PRADESH,04-10-22,M
MADHYA PRADESH,04-11-22,M
MADHYA PRADESH,04-12-22,M
MADHYA PRADESH,04-13-22,M
MADHYA PRADESH,04-14-22,M
MADHYA PRADESH,04-15-22,M
MADHYA PRADESH,04-16-22,M
MADHYA PRADESH,04-17-22,L
MADHYA PRADESH,04-18-22,M
MADHYA PRADESH,04-19-22,M
MADHYA PRADESH,04-20-22,L
MADHYA PRADESH,04-21-22,M
MADHYA PRADESH,04-22-22,M
MADHYA PRADESH,04-23-22,M
MADHYA PRADESH,04-24-22,M
MADHYA PRADESH,04-25-22,M
MADHYA PRADESH,04-26-22,XL
MADHYA PRADESH,04-27-22,M
MADHYA PRADESH,04-28-22,M
MADHYA PRADESH,04-29-22,M
MADHYA PRADESH,04-30-22,M
MADHYA PRADESH,05-01-22,S
MADHYA PRADESH,05-02-22,S
MADHYA PRADESH,05-03-22,S
MADHYA PRADESH,05-04-22,M
MADHYA PRADESH,05-05-22,S
MADHYA PRADESH,05-06-22,S
MADHYA PRADESH,05-07-22,M
MADHYA PRADESH,05-08-22,M
MADHYA PRADESH,05-09-22,M
MADHYA PRADESH,05-10-22,XL
MADHYA PRADESH,05-11-22,XL
MADHYA PRADESH,05-12-22,M
MADHYA PRADESH,05-13-22,XL
MADHYA PRADESH,05-14-22,XL
MADHYA PRADESH,05-15-22,XL
MADHYA PRADESH,05-16-22,XL
MADHYA PRADESH,05-17-22,XL
MADHYA PRADESH,05-18-22,M
MADHYA PRADESH,05-19-22,XL
MADHYA PRADESH,05-20-22,M
MADHYA PRADESH,05-21-22,M
MADHYA PRADESH,05-22-22,XL
MADHYA PRADESH,05-23-22,M
MADHYA PRADESH,05-24-22,M
MADHYA PRADESH,05-25-22,M
MADHYA PRADESH,05-26-22,XL
MADHYA PRADESH,05-27-22,XXL
MADHYA PRADESH,05-28-22,M
MADHYA PRADESH,05-29-22,M
MADHYA PRADESH,05-30-22,M
MADHYA PRADESH,05-31-22,M
MADHYA PRADESH,06-01-22,M
MADHYA PRADESH,06-02-22,M
MADHYA PRADESH,06-03-22,M
MADHYA PRADESH,06-04-22,M
MADHYA PRADESH,06-05-22,M
MADHYA PRADESH,06-06-22,M
MADHYA PRADESH,06-07-22,M
MADHYA PRADESH,06-08-22,M
MADHYA PRADESH,06-09-22,XL
MADHYA PRADESH,06-10-22,XL
MADHYA PRADESH,06-11-22,M
MADHYA PRADESH,06-12-22,M
MADHYA PRADESH,06-13-22,M
MADHYA PRADESH,06-14-22,M
MADHYA PRADESH,06-15-22,M
MADHYA PRADESH,06-16-22,M
MADHYA PRADESH,06-17-22,M
MADHYA PRADESH,06-18-22,M
MADHYA PRADESH,06-19-22,M
MADHYA PRADESH,06-20-22,M
MADHYA PRADESH,06-21-22,M
MADHYA PRADESH,06-22-22,M
MADHYA PRADESH,06-23-22,M
MADHYA PRADESH,06-24-22,M
MADHYA PRADESH,06-25-22,M
MADHYA PRADESH,06-26-22,M
MADHYA PRADESH,06-27-22,M
MADHYA PRADESH,06-28-22,M
MADHYA PRADESH,06-29-22,M
MADHYA PRADESH,06-30-22,M
MADHYA PRADESH,07-01-22,M
MADHYA PRADESH,07-02-22,M
MADHYA PRADESH,07-03-22,3XL
MADHYA PRADESH,07-04-22,3XL
MADHYA PRADESH,07-05-22,3XL
MADHYA PRADESH,07-06-22,3XL
MADHYA PRADESH,07-07-22,3XL
MADHYA PRADESH,07-08-22,S
MADHYA PRADESH,07-09-22,M
MAHARASHTRA,04-01-22,M
MAHARASHTRA,04-02-22,XL
MAHARASHTRA,04-03-22,XL
MAHARASHTRA,04-04-22,XL
MAHARASHTRA,04-05-22,L
MAHARASHTRA,04-06-22,L
MAHARASHTRA,04-07-22,L
MAHARASHTRA,04-08-22,L
MAHARASHTRA,04-09-22,L
MAHARASHTRA,04-10-22,L
MAHARASHTRA,04-11-22,L
MAHARASHTRA,04-12-22,L
MAHARASHTRA,04-13-22,L
MAHARASHTRA,04-14-22,L
MAHARASHTRA,04-15-22,L
MAHARASHTRA,04-16-22,L
MAHARASHTRA,04-17-22,M
MAHARASHTRA,04-18-22,M
MAHARASHTRA,04-19-22,M
MAHARASHTRA,04-20-22,L
MAHARASHTRA,04-21-22,L
MAHARASHTRA,04-22-22,M
MAHARASHTRA,04-23-22,M
MAHARASHTRA,04-24-22,M
MAHARASHTRA,04-25-22,M
MAHARASHTRA,04-26-22,XL
MAHARASHTRA,04-27-22,XL
MAHARASHTRA,04-28-22,XL
MAHARASHTRA,04-29-22,XL
MAHARASHTRA,04-30-22,XXL
MAHARASHTRA,05-01-22,XL
MAHARASHTRA,05-02-22,XL
MAHARASHTRA,05-03-22,XL
MAHARASHTRA,05-04-22,XL
MAHARASHTRA,05-05-22,L
MAHARASHTRA,05-06-22,XL
MAHARASHTRA,05-07-22,L
MAHARASHTRA,05-08-22,M
MAHARASHTRA,05-09-22,L
MAHARASHTRA,05-10-22,M
MAHARASHTRA,05-11-22,XXL
MAHARASHTRA,05-12-22,M
MAHARASHTRA,05-13-22,M
MAHARASHTRA,05-14-22,M
MAHARASHTRA,05-15-22,M
MAHARASHTRA,05-16-22,M
MAHARASHTRA,05-17-22,XXL
MAHARASHTRA,05-18-22,XL
MAHARASHTRA,05-19-22,XXL
MAHARASHTRA,05-20-22,3XL
MAHARASHTRA,05-21-22,XL
MAHARASHTRA,05-22-22,XL
MAHARASHTRA,05-23-22,M
MAHARASHTRA,05-24-22,XL
MAHARASHTRA,05-25-22,XL
MAHARASHTRA,05-26-22,XL
MAHARASHTRA,05-27-22,XL
MAHARASHTRA,05-28-22,XL
MAHARASHTRA,05-29-22,XL
MAHARASHTRA,05-30-22,XL
MAHARASHTRA,05-31-22,XL
MAHARASHTRA,06-01-22,XL
MAHARASHTRA,06-02-22,XL
MAHARASHTRA,06-03-22,XL
MAHARASHTRA,06-04-22,L
MAHARASHTRA,06-05-22,L
MAHARASHTRA,06-06-22,L
MAHARASHTRA,06-07-22,L
MAHARASHTRA,06-08-22,XL
MAHARASHTRA,06-09-22,L
MAHARASHTRA,06-10-22,L
MAHARASHTRA,06-11-22,L
MAHARASHTRA,06-12-22,L
MAHARASHTRA,06-13-22,L
MAHARASHTRA,06-14-22,L
MAHARASHTRA,06-15-22,L
MAHARASHTRA,06-16-22,L
MAHARASHTRA,06-17-22,L
MAHARASHTRA,06-18-22,XL
MAHARASHTRA,06-19-22,L
MAHARASHTRA,06-20-22,XL
MAHARASHTRA,06-21-22,XL
MAHARASHTRA,06-22-22,XL
MAHARASHTRA,06-23-22,XL
MAHARASHTRA,06-24-22,XL
MAHARASHTRA,06-25-22,XL
MAHARASHTRA,06-26-22,XL
MAHARASHTRA,06-27-22,XL
MAHARASHTRA,06-28-22,XL
MAHARASHTRA,06-29-22,XL
MAHARASHTRA,06-30-22,XL
MAHARASHTRA,07-01-22,M
MAHARASHTRA,07-02-22,M
MAHARASHTRA,07-03-22,XL
MAHARASHTRA,07-04-22,S
MANIPUR,04-02-22,XS
MANIPUR,04-03-22,XL
MANIPUR,04-04-22,XL
MANIPUR,04-05-22,XL
MANIPUR,04-06-22,XXL
MANIPUR,04-07-22,XXL
MANIPUR,04-08-22,XXL
MANIPUR,04-09-22,L
MANIPUR,04-10-22,L
MANIPUR,04-11-22,L
MANIPUR,04-12-22,L
MANIPUR,04-13-22,L
MANIPUR,04-14-22,L
MANIPUR,04-15-22,L
MANIPUR,04-16-22,L
MANIPUR,04-17-22,L
MANIPUR,04-18-22,L
MANIPUR,04-19-22,M
MANIPUR,04-20-22,M
MANIPUR,04-21-22,M
MANIPUR,04-22-22,M
MANIPUR,04-23-22,M
MANIPUR,04-24-22,XXL
MANIPUR,04-25-22,XXL
MANIPUR,04-26-22,XXL
MANIPUR,04-27-22,XXL
MANIPUR,04-28-22,XXL
MANIPUR,04-29-22,XXL
MANIPUR,04-30-22,XXL
MANIPUR,05-01-22,XXL
MANIPUR,05-02-22,L
MANIPUR,05-03-22,L
MANIPUR,05-04-22,XXL
MANIPUR,05-05-22,L
MANIPUR,05-06-22,L
MANIPUR,05-07-22,XL
MANIPUR,05-08-22,L
MANIPUR,05-09-22,L
MANIPUR,05-10-22,M
MANIPUR,05-11-22,M
MANIPUR,05-12-22,M
MANIPUR,05-13-22,XXL
MANIPUR,05-14-22,XXL
MANIPUR,05-15-22,M
MANIPUR,05-16-22,M
MANIPUR,05-17-22,M
MANIPUR,05-18-22,M
MANIPUR,05-19-22,M
MANIPUR,05-20-22,M
MANIPUR,05-21-22,M
MANIPUR,05-22-22,M
MANIPUR,05-23-22,XL
MANIPUR,05-24-22,XL
MANIPUR,05-25-22,XL
MANIPUR,05-26-22,XL
MANIPUR,05-27-22,XL
MANIPUR,05-28-22,XL
MANIPUR,05-29-22,XL
MANIPUR,05-30-22,XL
MANIPUR,05-31-22,XL
MANIPUR,06-01-22,XL
MANIPUR,06-02-22,M
MANIPUR,06-03-22,XXL
MANIPUR,06-04-22,XXL
MANIPUR,06-05-22,XXL
MANIPUR,06-06-22,XXL
MANIPUR,06-07-22,XXL
MANIPUR,06-08-22,XXL
MANIPUR,06-09-22,XXL
MANIPUR,06-10-22,XXL
MANIPUR,06-11-22,M
MANIPUR,06-12-22,M
MANIPUR,06-13-22,M
MANIPUR,06-14-22,M
MANIPUR,06-15-22,M
MANIPUR,06-16-22,M
MANIPUR,06-17-22,M
MANIPUR,06-18-22,M
MANIPUR,06-19-22,M
MANIPUR,06-20-22,M
MANIPUR,06-21-22,M
MANIPUR,06-22-22,M
MANIPUR,06-23-22,M
MANIPUR,06-24-22,M
MANIPUR,06-25-22,M
MANIPUR,06-26-22,M
MANIPUR,06-27-22,M
MANIPUR,06-28-22,XL
MANIPUR,06-29-22,M
MANIPUR,06-30-22,XL
MANIPUR,07-01-22,XL
MANIPUR,07-02-22,S
MANIPUR,07-03-22,S
MANIPUR,07-04-22,XL
MANIPUR,07-05-22,S
MANIPUR,07-06-22,S
MANIPUR,07-07-22,S
MANIPUR,07-08-22,M
MEGHALAYA,04-02-22,S
MEGHALAYA,04-03-22,S
MEGHALAYA,04-04-22,S
MEGHALAYA,04-05-22,S
MEGHALAYA,04-06-22,S
MEGHALAYA,04-07-22,S
MEGHALAYA,04-08-22,S
MEGHALAYA,04-09-22,S
MEGHALAYA,04-10-22,S
MEGHALAYA,04-11-22,S
MEGHALAYA,04-12-22,S
MEGHALAYA,04-13-22,S
MEGHALAYA,04-14-22,S
MEGHALAYA,04-15-22,M
MEGHALAYA,04-16-22,M
MEGHALAYA,04-17-22,M
MEGHALAYA,04-18-22,M
MEGHALAYA,04-19-22,M
MEGHALAYA,04-20-22,M
MEGHALAYA,04-21-22,M
MEGHALAYA,04-22-22,M
MEGHALAYA,04-23-22,M
MEGHALAYA,04-24-22,M
MEGHALAYA,04-25-22,M
MEGHALAYA,04-26-22,M
MEGHALAYA,04-27-22,M
MEGHALAYA,04-28-22,S
MEGHALAYA,04-29-22,S
MEGHALAYA,04-30-22,S
MEGHALAYA,05-01-22,S
MEGHALAYA,05-02-22,S
MEGHALAYA,05-03-22,S
MEGHALAYA,05-04-22,S
MEGHALAYA,05-05-22,S
MEGHALAYA,05-06-22,S
MEGHALAYA,05-07-22,S
MEGHALAYA,05-08-22,S
MEGHALAYA,05-09-22,S
MEGHALAYA,05-10-22,S
MEGHALAYA,05-11-22,S
MEGHALAYA,05-12-22,S
MEGHALAYA,05-13-22,S
MEGHALAYA,05-14-22,S
MEGHALAYA,05-15-22,S
MEGHALAYA,05-16-22,S
MEGHALAYA,05-17-22,M
MEGHALAYA,05-18-22,M
MEGHALAYA,05-19-22,M
MEGHALAYA,05-20-22,M
MEGHALAYA,05-21-22,M
MEGHALAYA,05-22-22,S
MEGHALAYA,05-23-22,M
MEGHALAYA,05-24-22,M
MEGHALAYA,05-25-22,S
MEGHALAYA,05-26-22,M
MEGHALAYA,05-27-22,S
MEGHALAYA,05-28-22,XS
MEGHALAYA,05-29-22,XS
MEGHALAYA,05-30-22,S
MEGHALAYA,05-31-22,S
MEGHALAYA,06-01-22,S
MEGHALAYA,06-02-22,S
MEGHALAYA,06-03-22,S
MEGHALAYA,06-04-22,S
MEGHALAYA,06-05-22,S
MEGHALAYA,06-06-22,S
MEGHALAYA,06-07-22,S
MEGHALAYA,06-08-22,S
MEGHALAYA,06-09-22,S
MEGHALAYA,06-10-22,M
MEGHALAYA,06-11-22,M
MEGHALAYA,06-12-22,S
MEGHALAYA,06-13-22,M
MEGHALAYA,06-14-22,M
MEGHALAYA,06-15-22,M
MEGHALAYA,06-16-22,M
MEGHALAYA,06-17-22,XS
MEGHALAYA,06-18-22,M
MEGHALAYA,06-19-22,XS
MEGHALAYA,06-20-22,XS
MEGHALAYA,06-21-22,XS
MEGHALAYA,06-22-22,XS
MEGHALAYA,06-23-22,XS
MEGHALAYA,06-24-22,XS
MEGHALAYA,06-25-22,XS
MEGHALAYA,06-26-22,XS
MEGHALAYA,06-27-22,XL
MEGHALAYA,06-28-22,XL
MEGHALAYA,06-29-22,XL
MEGHALAYA,06-30-22,XL
MEGHALAYA,07-01-22,XL
MEGHALAYA,07-02-22,XL
MEGHALAYA,07-03-22,XL
MEGHALAYA,07-04-22,XS
MEGHALAYA,07-05-22,XS
MIZORAM,04-03-22,M
MIZORAM,04-04-22,M
MIZORAM,04-05-22,M
MIZORAM,04-06-22,M
MIZORAM,04-07-22,M
MIZORAM,04-08-22,M
MIZORAM,04-09-22,L
MIZORAM,04-10-22,L
MIZORAM,04-11-22,L
MIZORAM,04-12-22,L
MIZORAM,04-13-22,XXL
MIZORAM,04-14-22,XXL
MIZORAM,04-15-22,XL
MIZORAM,04-16-22,XL
MIZORAM,04-17-22,XL
MIZORAM,04-18-22,XL
MIZORAM,04-19-22,XL
MIZORAM,04-20-22,XL
MIZORAM,04-21-22,XL
MIZORAM,04-22-22,XL
MIZORAM,04-23-22,XL
MIZORAM,04-24-22,XL
MIZORAM,04-25-22,L
MIZORAM,04-26-22,L
MIZORAM,04-27-22,L
MIZORAM,04-28-22,L
MIZORAM,04-29-22,L
MIZORAM,04-30-22,L
MIZORAM,05-01-22,L
MIZORAM,05-02-22,L
MIZORAM,05-03-22,L
MIZORAM,05-04-22,L
MIZORAM,05-05-22,S
MIZORAM,05-06-22,S
MIZORAM,05-07-22,XXL
MIZORAM,05-08-22,XXL
MIZORAM,05-09-22,XXL
MIZORAM,05-10-22,XXL
MIZORAM,05-11-22,XXL
MIZORAM,05-12-22,XXL
MIZORAM,05-13-22,XXL
MIZORAM,05-14-22,XXL
MIZORAM,05-15-22,L
MIZORAM,05-16-22,L
MIZORAM,05-17-22,L
MIZORAM,05-18-22,L
MIZORAM,05-19-22,XL
MIZORAM,05-20-22,XL
MIZORAM,05-21-22,XL
MIZORAM,05-22-22,XL
MIZORAM,05-23-22,XL
MIZORAM,05-24-22,XL
MIZORAM,05-25-22,XL
MIZORAM,05-26-22,XL
MIZORAM,05-27-22,M
MIZORAM,05-28-22,M
MIZORAM,05-29-22,M
MIZORAM,05-30-22,M
MIZORAM,05-31-22,3XL
MIZORAM,06-01-22,3XL
MIZORAM,06-02-22,3XL
MIZORAM,06-03-22,3XL
MIZORAM,06-04-22,3XL
MIZORAM,06-05-22,3XL
MIZORAM,06-06-22,3XL
MIZORAM,06-07-22,3XL
MIZORAM,06-08-22,3XL
MIZORAM,06-09-22,3XL
MIZORAM,06-10-22,XS
MIZORAM,06-11-22,XXL
MIZORAM,06-12-22,XXL
MIZORAM,06-13-22,XXL
MIZORAM,06-14-22,XXL
MIZORAM,06-15-22,XXL
MIZORAM,06-16-22,XXL
MIZORAM,06-17-22,XXL
MIZORAM,06-18-22,XXL
MIZORAM,06-19-22,XXL
MIZORAM,06-20-22,XXL
MIZORAM,06-21-22,S
MIZORAM,06-22-22,S
MIZORAM,06-23-22,S
MIZORAM,06-24-22,XXL
MIZORAM,06-25-22,XXL
MIZORAM,06-26-22,XXL
MIZORAM,06-27-22,XXL
MIZORAM,06-28-22,XXL
MIZORAM,06-29-22,XXL
MIZORAM,06-30-22,XXL
MIZORAM,07-01-22,XXL
MIZORAM,07-02-22,XXL
MIZORAM,07-03-22,XXL
MIZORAM,07-04-22,M
MIZORAM,07-05-22,M
NAGALAND,04-02-22,S
NAGALAND,04-03-22,XS
NAGALAND,04-04-22,L
NAGALAND,04-05-22,L
NAGALAND,04-06-22,L
NAGALAND,04-07-22,L
NAGALAND,04-08-22,L
NAGALAND,04-09-22,L
NAGALAND,04-10-22,L
NAGALAND,04-11-22,L
NAGALAND,04-12-22,L
NAGALAND,04-13-22,L
NAGALAND,04-14-22,L
NAGALAND,04-15-22,L
NAGALAND,04-16-22,L
NAGALAND,04-17-22,L
NAGALAND,04-18-22,L
NAGALAND,04-19-22,L
NAGALAND,04-20-22,L
NAGALAND,04-21-22,XS
NAGALAND,04-22-22,XXL
NAGALAND,04-23-22,XXL
NAGALAND,04-24-22,XXL
NAGALAND,04-25-22,M
NAGALAND,04-26-22,M
NAGALAND,04-27-22,M
NAGALAND,04-28-22,M
NAGALAND,04-29-22,M
NAGALAND,04-30-22,M
NAGALAND,05-01-22,M
NAGALAND,05-02-22,M
NAGALAND,05-03-22,M
NAGALAND,05-04-22,M
NAGALAND,05-05-22,M
NAGALAND,05-06-22,M
NAGALAND,05-07-22,M
NAGALAND,05-08-22,XXL
NAGALAND,05-09-22,XXL
NAGALAND,05-10-22,XXL
NAGALAND,05-11-22,XXL
NAGALAND,05-12-22,XXL
NAGALAND,05-13-22,XXL
NAGALAND,05-14-22,XXL
NAGALAND,05-15-22,XXL
NAGALAND,05-16-22,XXL
NAGALAND,05-17-22,XXL
NAGALAND,05-18-22,L
NAGALAND,05-19-22,L
NAGALAND,05-20-22,L
NAGALAND,05-21-22,L
NAGALAND,05-22-22,L
NAGALAND,05-23-22,L
NAGALAND,05-24-22,L
NAGALAND,05-25-22,L
NAGALAND,05-26-22,L
NAGALAND,05-27-22,XXL
NAGALAND,05-28-22,XXL
NAGALAND,05-29-22,XXL
NAGALAND,05-30-22,M
NAGALAND,05-31-22,XL
NAGALAND,06-01-22,XL
NAGALAND,06-02-22,M
NAGALAND,06-03-22,M
NAGALAND,06-04-22,M
NAGALAND,06-05-22,XL
NAGALAND,06-06-22,M
NAGALAND,06-07-22,M
NAGALAND,06-08-22,M
NAGALAND,06-09-22,XL
NAGALAND,06-10-22,M
NAGALAND,06-11-22,L
NAGALAND,06-12-22,L
NAGALAND,06-13-22,XL
NAGALAND,06-14-22,XL
NAGALAND,06-15-22,XL
NAGALAND,06-16-22,L
NAGALAND,06-17-22,L
NAGALAND,06-18-22,XXL
NAGALAND,06-19-22,XL
NAGALAND,06-20-22,XXL
NAGALAND,06-21-22,XXL
NAGALAND,06-22-22,XXL
NAGALAND,06-23-22,XXL
NAGALAND,06-24-22,XXL
NAGALAND,06-25-22,XXL
NAGALAND,06-26-22,XXL
NAGALAND,06-27-22,XXL
NAGALAND,06-28-22,XXL
NAGALAND,06-29-22,XXL
NAGALAND,06-30-22,XXL
NAGALAND,07-01-22,XXL
NAGALAND,07-02-22,XXL
NAGALAND,07-03-22,M
NAGALAND,07-04-22,S
NAGALAND,07-05-22,3XL
NAGALAND,07-06-22,3XL
NAGALAND,07-07-22,3XL
NEW DELHI,04-03-22,L
NEW DELHI,04-04-22,XXL
NEW DELHI,04-05-22,XXL
NEW DELHI,04-06-22,XXL
NEW DELHI,04-07-22,XXL
NEW DELHI,04-08-22,XXL
NEW DELHI,04-09-22,XXL
NEW DELHI,04-10-22,XXL
NEW DELHI,04-11-22,XXL
NEW DELHI,04-12-22,XXL
NEW DELHI,04-13-22,XXL
NEW DELHI,04-14-22,L
NEW DELHI,04-15-22,L
NEW DELHI,04-16-22,XS
NEW DELHI,04-17-22,XS
NEW DELHI,04-18-22,XS
NEW DELHI,04-19-22,XL
NEW DELHI,04-20-22,XL
NEW DELHI,04-21-22,XL
NEW DELHI,04-22-22,XL
NEW DELHI,04-23-22,XL
NEW DELHI,04-24-22,XL
NEW DELHI,04-25-22,M
NEW DELHI,04-26-22,M
NEW DELHI,04-27-22,M
NEW DELHI,04-28-22,M
NEW DELHI,04-29-22,M
NEW DELHI,04-30-22,M
NEW DELHI,05-01-22,M
NEW DELHI,05-02-22,XS
NEW DELHI,05-03-22,XS
NEW DELHI,05-04-22,XS
NEW DELHI,05-05-22,XS
NEW DELHI,05-06-22,XS
NEW DELHI,05-07-22,3XL
NEW DELHI,05-08-22,3XL
NEW DELHI,05-09-22,3XL
NEW DELHI,05-10-22,3XL
NEW DELHI,05-11-22,3XL
NEW DELHI,05-12-22,3XL
NEW DELHI,05-13-22,3XL
NEW DELHI,05-14-22,3XL
NEW DELHI,05-15-22,L
NEW DELHI,05-16-22,L
NEW DELHI,05-17-22,S
NEW DELHI,05-18-22,S
NEW DELHI,05-19-22,S
NEW DELHI,05-20-22,S
NEW DELHI,05-21-22,S
NEW DELHI,05-22-22,S
NEW DELHI,05-23-22,S
NEW DELHI,05-24-22,S
NEW DELHI,05-25-22,S
NEW DELHI,05-26-22,XS
NEW DELHI,05-27-22,XS
NEW DELHI,05-28-22,XS
NEW DELHI,05-29-22,XS
NEW DELHI,05-30-22,XS
NEW DELHI,05-31-22,XS
NEW DELHI,06-01-22,XS
NEW DELHI,06-02-22,XS
NEW DELHI,06-03-22,XS
NEW DELHI,06-04-22,L
NEW DELHI,06-05-22,L
NEW DELHI,06-06-22,L
NEW DELHI,06-07-22,L
NEW DELHI,06-08-22,L
NEW DELHI,06-09-22,L
NEW DELHI,06-10-22,L
NEW DELHI,06-11-22,L
NEW DELHI,06-12-22,XXL
NEW DELHI,06-13-22,XXL
NEW DELHI,06-14-22,XXL
NEW DELHI,06-15-22,XXL
NEW DELHI,06-16-22,XXL
NEW DELHI,06-17-22,XXL
NEW DELHI,06-18-22,XXL
NEW DELHI,06-19-22,XXL
NEW DELHI,06-20-22,XXL
NEW DELHI,06-21-22,XXL
NEW DELHI,06-22-22,XS
NEW DELHI,06-23-22,XS
NEW DELHI,06-24-22,XS
NEW DELHI,06-25-22,XS
NEW DELHI,06-26-22,XS
NEW DELHI,06-27-22,XS
NEW DELHI,06-28-22,3XL
NEW DELHI,06-29-22,3XL
NEW DELHI,06-30-22,3XL
NL,04-29-22,M
NL,04-30-22,M
NL,05-01-22,M
NL,05-02-22,M
NL,05-03-22,M
NL,05-04-22,M
NL,05-05-22,M
NL,05-06-22,M
NL,05-07-22,M
NL,05-08-22,M
NL,06-27-22,M
NL,06-28-22,M
NL,06-29-22,M
NL,06-30-22,M
NL,07-01-22,M
NL,07-02-22,M
NL,07-03-22,M
NL,07-04-22,M
NL,07-05-22,M
NL,07-06-22,M
ODISHA,04-01-22,XS
ODISHA,04-02-22,S
ODISHA,04-03-22,L
ODISHA,04-04-22,L
ODISHA,04-05-22,L
ODISHA,04-06-22,L
ODISHA,04-07-22,L
ODISHA,04-08-22,L
ODISHA,04-09-22,L
ODISHA,04-10-22,L
ODISHA,04-11-22,L
ODISHA,04-12-22,L
ODISHA,04-13-22,XL
ODISHA,04-14-22,L
ODISHA,04-15-22,L
ODISHA,04-16-22,L
ODISHA,04-17-22,L
ODISHA,04-18-22,L
ODISHA,04-19-22,L
ODISHA,04-20-22,L
ODISHA,04-21-22,L
ODISHA,04-22-22,S
ODISHA,04-23-22,M
ODISHA,04-24-22,M
ODISHA,04-25-22,M
ODISHA,04-26-22,M
ODISHA,04-27-22,M
ODISHA,04-28-22,M
ODISHA,04-29-22,M
ODISHA,04-30-22,M
ODISHA,05-01-22,M
ODISHA,05-02-22,M
ODISHA,05-03-22,M
ODISHA,05-04-22,M
ODISHA,05-05-22,M
ODISHA,05-06-22,M
ODISHA,05-07-22,M
ODISHA,05-08-22,XL
ODISHA,05-09-22,XL
ODISHA,05-10-22,XL
ODISHA,05-11-22,L
ODISHA,05-12-22,XL
ODISHA,05-13-22,L
ODISHA,05-14-22,L
ODISHA,05-15-22,L
ODISHA,05-16-22,XL
ODISHA,05-17-22,XL
ODISHA,05-18-22,L
ODISHA,05-19-22,XL
ODISHA,05-20-22,L
ODISHA,05-21-22,L
ODISHA,05-22-22,L
ODISHA,05-23-22,XL
ODISHA,05-24-22,L
ODISHA,05-25-22,XL
ODISHA,05-26-22,XL
ODISHA,05-27-22,XL
ODISHA,05-28-22,M
ODISHA,05-29-22,M
ODISHA,05-30-22,M
ODISHA,05-31-22,M
ODISHA,06-01-22,M
ODISHA,06-02-22,M
ODISHA,06-03-22,M
ODISHA,06-04-22,M
ODISHA,06-05-22,M
ODISHA,06-06-22,M
ODISHA,06-07-22,M
ODISHA,06-08-22,M
ODISHA,06-09-22,M
ODISHA,06-10-22,M
ODISHA,06-11-22,M
ODISHA,06-12-22,M
ODISHA,06-13-22,M
ODISHA,06-14-22,M
ODISHA,06-15-22,M
ODISHA,06-16-22,M
ODISHA,06-17-22,M
ODISHA,06-18-22,M
ODISHA,06-19-22,M
ODISHA,06-20-22,M
ODISHA,06-21-22,M
ODISHA,06-22-22,M
ODISHA,06-23-22,M
ODISHA,06-24-22,M
ODISHA,06-25-22,M
ODISHA,06-26-22,M
ODISHA,06-27-22,XL
ODISHA,06-28-22,XL
ODISHA,06-29-22,XL
ODISHA,06-30-22,XL
ODISHA,07-01-22,XL
ODISHA,07-02-22,XL
ODISHA,07-03-22,XL
ODISHA,07-04-22,XL
ODISHA,07-05-22,XL
ODISHA,07-06-22,XL
ODISHA,07-07-22,L
ODISHA,07-08-22,L
ODISHA,07-09-22,S
ORISSA,04-14-22,L
ORISSA,04-15-22,L
ORISSA,04-16-22,L
ORISSA,04-17-22,L
ORISSA,04-18-22,L
ORISSA,04-19-22,L
ORISSA,04-20-22,L
ORISSA,04-21-22,L
ORISSA,04-22-22,L
ORISSA,04-23-22,L
ORISSA,06-09-22,S
ORISSA,06-10-22,S
ORISSA,06-11-22,S
ORISSA,06-12-22,S
ORISSA,06-13-22,S
ORISSA,06-14-22,S
ORISSA,06-15-22,S
ORISSA,06-16-22,S
ORISSA,06-17-22,S
ORISSA,06-18-22,S
ORISSA,06-19-22,XXL
ORISSA,06-20-22,XXL
ORISSA,06-21-22,XXL
ORISSA,06-22-22,XXL
PB,04-07-22,3XL
PB,04-08-22,3XL
PB,04-09-22,3XL
PB,04-10-22,3XL
PB,04-11-22,3XL
PB,04-12-22,3XL
PB,04-13-22,3XL
PB,04-14-22,3XL
PB,04-15-22,3XL
PB,04-16-22,3XL
PONDICHERRY,05-24-22,3XL
PONDICHERRY,05-25-22,3XL
PONDICHERRY,05-26-22,3XL
PONDICHERRY,05-27-22,3XL
PONDICHERRY,05-28-22,3XL
PONDICHERRY,05-29-22,3XL
PONDICHERRY,05-30-22,3XL
PONDICHERRY,05-31-22,3XL
PONDICHERRY,06-01-22,3XL
PONDICHERRY,06-02-22,3XL
PUDUCHERRY,04-02-22,L
PUDUCHERRY,04-03-22,L
PUDUCHERRY,04-04-22,L
PUDUCHERRY,04-05-22,L
PUDUCHERRY,04-06-22,L
PUDUCHERRY,04-07-22,L
PUDUCHERRY,04-08-22,L
PUDUCHERRY,04-09-22,L
PUDUCHERRY,04-10-22,L
PUDUCHERRY,04-11-22,L
PUDUCHERRY,04-12-22,L
PUDUCHERRY,04-13-22,L
PUDUCHERRY,04-14-22,L
PUDUCHERRY,04-15-22,L
PUDUCHERRY,04-16-22,S
PUDUCHERRY,04-17-22,S
PUDUCHERRY,04-18-22,S
PUDUCHERRY,04-19-22,S
PUDUCHERRY,04-20-22,S
PUDUCHERRY,04-21-22,S
PUDUCHERRY,04-22-22,S
PUDUCHERRY,04-23-22,S
PUDUCHERRY,04-24-22,S
PUDUCHERRY,04-25-22,S
PUDUCHERRY,04-26-22,L
PUDUCHERRY,04-27-22,XXL
PUDUCHERRY,04-28-22,XXL
PUDUCHERRY,04-29-22,XL
PUDUCHERRY,04-30-22,XL
PUDUCHERRY,05-01-22,XXL
PUDUCHERRY,05-02-22,XL
PUDUCHERRY,05-03-22,XL
PUDUCHERRY,05-04-22,XL
PUDUCHERRY,05-05-22,XL
PUDUCHERRY,05-06-22,XL
PUDUCHERRY,05-07-22,XL
PUDUCHERRY,05-08-22,XL
PUDUCHERRY,05-09-22,XXL
PUDUCHERRY,05-10-22,XXL
PUDUCHERRY,05-11-22,S
PUDUCHERRY,05-12-22,XXL
PUDUCHERRY,05-13-22,M
PUDUCHERRY,05-14-22,S
PUDUCHERRY,05-15-22,S
PUDUCHERRY,05-16-22,S
PUDUCHERRY,05-17-22,S
PUDUCHERRY,05-18-22,S
PUDUCHERRY,05-19-22,S
PUDUCHERRY,05-20-22,S
PUDUCHERRY,05-21-22,M
PUDUCHERRY,05-22-22,S
PUDUCHERRY,05-23-22,L
PUDUCHERRY,05-24-22,M
PUDUCHERRY,05-25-22,M
PUDUCHERRY,05-26-22,M
PUDUCHERRY,05-27-22,M
PUDUCHERRY,05-28-22,M
PUDUCHERRY,05-29-22,M
PUDUCHERRY,05-30-22,L
PUDUCHERRY,05-31-22,L
PUDUCHERRY,06-01-22,L
PUDUCHERRY,06-02-22,L
PUDUCHERRY,06-03-22,M
PUDUCHERRY,06-04-22,M
PUDUCHERRY,06-05-22,M
PUDUCHERRY,06-06-22,M
PUDUCHERRY,06-07-22,M
PUDUCHERRY,06-08-22,M
PUDUCHERRY,06-09-22,M
PUDUCHERRY,06-10-22,M
PUDUCHERRY,06-11-22,M
PUDUCHERRY,06-12-22,M
PUDUCHERRY,06-13-22,XL
PUDUCHERRY,06-14-22,XL
PUDUCHERRY,06-15-22,XL
PUDUCHERRY,06-16-22,XL
PUDUCHERRY,06-17-22,M
PUDUCHERRY,06-18-22,M
PUDUCHERRY,06-19-22,M
PUDUCHERRY,06-20-22,L
PUDUCHERRY,06-21-22,L
PUDUCHERRY,06-22-22,L
PUDUCHERRY,06-23-22,L
PUDUCHERRY,06-24-22,L
PUDUCHERRY,06-25-22,L
PUDUCHERRY,06-26-22,XXL
PUDUCHERRY,06-27-22,XL
PUDUCHERRY,06-28-22,XL
PUDUCHERRY,06-29-22,XL
PUDUCHERRY,06-30-22,XL
PUDUCHERRY,07-01-22,XL
PUDUCHERRY,07-02-22,XL
PUDUCHERRY,07-03-22,XL
PUDUCHERRY,07-04-22,XL
PUDUCHERRY,07-05-22,XL
PUDUCHERRY,07-06-22,XL
PUDUCHERRY,07-07-22,XL
PUDUCHERRY,07-08-22,XL
PUDUCHERRY,07-09-22,M
PUNJAB,04-02-22,XS
PUNJAB,04-03-22,XL
PUNJAB,04-04-22,L
PUNJAB,04-05-22,L
PUNJAB,04-06-22,L
PUNJAB,04-07-22,L
PUNJAB,04-08-22,L
PUNJAB,04-09-22,L
PUNJAB,04-10-22,L
PUNJAB,04-11-22,L
PUNJAB,04-12-22,L
PUNJAB,04-13-22,L
PUNJAB,04-14-22,L
PUNJAB,04-15-22,L
PUNJAB,04-16-22,L
PUNJAB,04-17-22,L
PUNJAB,04-18-22,L
PUNJAB,04-19-22,XL
PUNJAB,04-20-22,XL
PUNJAB,04-21-22,XL
PUNJAB,04-22-22,XL
PUNJAB,04-23-22,XL
PUNJAB,04-24-22,XL
PUNJAB,04-25-22,XL
PUNJAB,04-26-22,XL
PUNJAB,04-27-22,XL
PUNJAB,04-28-22,XL
PUNJAB,04-29-22,XXL
PUNJAB,04-30-22,3XL
PUNJAB,05-01-22,3XL
PUNJAB,05-02-22,XL
PUNJAB,05-03-22,L
PUNJAB,05-04-22,L
PUNJAB,05-05-22,L
PUNJAB,05-06-22,XL
PUNJAB,05-07-22,L
PUNJAB,05-08-22,L
PUNJAB,05-09-22,L
PUNJAB,05-10-22,L
PUNJAB,05-11-22,3XL
PUNJAB,05-12-22,3XL
PUNJAB,05-13-22,3XL
PUNJAB,05-14-22,3XL
PUNJAB,05-15-22,3XL
PUNJAB,05-16-22,3XL
PUNJAB,05-17-22,3XL
PUNJAB,05-18-22,3XL
PUNJAB,05-19-22,3XL
PUNJAB,05-20-22,3XL
PUNJAB,05-21-22,3XL
PUNJAB,05-22-22,M
PUNJAB,05-23-22,XL
PUNJAB,05-24-22,XL
PUNJAB,05-25-22,3XL
PUNJAB,05-26-22,XL
PUNJAB,05-27-22,XL
PUNJAB,05-28-22,XL
PUNJAB,05-29-22,XXL
PUNJAB,05-30-22,XXL
PUNJAB,05-31-22,XXL
PUNJAB,06-01-22,XXL
PUNJAB,06-02-22,XXL
PUNJAB,06-03-22,XXL
PUNJAB,06-04-22,XXL
PUNJAB,06-05-22,XXL
PUNJAB,06-06-22,XXL
PUNJAB,06-07-22,XXL
PUNJAB,06-08-22,XXL
PUNJAB,06-09-22,XXL
PUNJAB,06-10-22,L
PUNJAB,06-11-22,M
PUNJAB,06-12-22,L
PUNJAB,06-13-22,M
PUNJAB,06-14-22,M
PUNJAB,06-15-22,M
PUNJAB,06-16-22,M
PUNJAB,06-17-22,M
PUNJAB,06-18-22,M
PUNJAB,06-19-22,M
PUNJAB,06-20-22,M
PUNJAB,06-21-22,M
PUNJAB,06-22-22,3XL
PUNJAB,06-23-22,3XL
PUNJAB,06-24-22,M
PUNJAB,06-25-22,L
PUNJAB,06-26-22,L
PUNJAB,06-27-22,L
PUNJAB,06-28-22,M
PUNJAB,06-29-22,XXL
PUNJAB,06-30-22,XXL
PUNJAB,07-01-22,M
PUNJAB,07-02-22,L
PUNJAB,07-03-22,L
PUNJAB,07-04-22,L
PUNJAB,07-05-22,XXL
PUNJAB,07-06-22,XXL
PUNJAB,07-07-22,S
PUNJAB,07-08-22,S
PUNJAB,07-09-22,S
PUNJAB/MOHALI/ZIRAKPUR,04-26-22,L
PUNJAB/MOHALI/ZIRAKPUR,04-27-22,L
PUNJAB/MOHALI/ZIRAKPUR,04-28-22,L
PUNJAB/MOHALI/ZIRAKPUR,04-29-22,L
PUNJAB/MOHALI/ZIRAKPUR,04-30-22,L
PUNJAB/MOHALI/ZIRAKPUR,05-01-22,L
PUNJAB/MOHALI/ZIRAKPUR,05-02-22,L
PUNJAB/MOHALI/ZIRAKPUR,05-03-22,L
PUNJAB/MOHALI/ZIRAKPUR,05-04-22,L
PUNJAB/MOHALI/ZIRAKPUR,05-05-22,L
RAJASTHAN,04-01-22,L
RAJASTHAN,04-02-22,L
RAJASTHAN,04-03-22,L
RAJASTHAN,04-04-22,L
RAJASTHAN,04-05-22,L
RAJASTHAN,04-06-22,L
RAJASTHAN,04-07-22,L
RAJASTHAN,04-08-22,L
RAJASTHAN,04-09-22,L
RAJASTHAN,04-10-22,L
RAJASTHAN,04-11-22,L
RAJASTHAN,04-12-22,L
RAJASTHAN,04-13-22,L
RAJASTHAN,04-14-22,L
RAJASTHAN,04-15-22,L
RAJASTHAN,04-16-22,M
RAJASTHAN,04-17-22,M
RAJASTHAN,04-18-22,M
RAJASTHAN,04-19-22,M
RAJASTHAN,04-20-22,M
RAJASTHAN,04-21-22,L
RAJASTHAN,04-22-22,M
RAJASTHAN,04-23-22,L
RAJASTHAN,04-24-22,M
RAJASTHAN,04-25-22,M
RAJASTHAN,04-26-22,L
RAJASTHAN,04-27-22,M
RAJASTHAN,04-28-22,M
RAJASTHAN,04-29-22,M
RAJASTHAN,04-30-22,M
RAJASTHAN,05-01-22,M
RAJASTHAN,05-02-22,M
RAJASTHAN,05-03-22,M
RAJASTHAN,05-04-22,M
RAJASTHAN,05-05-22,M
RAJASTHAN,05-06-22,M
RAJASTHAN,05-07-22,M
RAJASTHAN,05-08-22,M
RAJASTHAN,05-09-22,M
RAJASTHAN,05-10-22,S
RAJASTHAN,05-11-22,S
RAJASTHAN,05-12-22,S
RAJASTHAN,05-13-22,M
RAJASTHAN,05-14-22,M
RAJASTHAN,05-15-22,M
RAJASTHAN,05-16-22,M
RAJASTHAN,05-17-22,M
RAJASTHAN,05-18-22,M
RAJASTHAN,05-19-22,M
RAJASTHAN,05-20-22,M
RAJASTHAN,05-21-22,M
RAJASTHAN,05-22-22,M
RAJASTHAN,05-23-22,M
RAJASTHAN,05-24-22,M
RAJASTHAN,05-25-22,M
RAJASTHAN,05-26-22,M
RAJASTHAN,05-27-22,M
RAJASTHAN,05-28-22,M
RAJASTHAN,05-29-22,M
RAJASTHAN,05-30-22,XL
RAJASTHAN,05-31-22,XL
RAJASTHAN,06-01-22,XL
RAJASTHAN,06-02-22,XL
RAJASTHAN,06-03-22,XL
RAJASTHAN,06-04-22,M
RAJASTHAN,06-05-22,XL
RAJASTHAN,06-06-22,XL
RAJASTHAN,06-07-22,XL
RAJASTHAN,06-08-22,M
RAJASTHAN,06-09-22,L
RAJASTHAN,06-10-22,L
RAJASTHAN,06-11-22,M
RAJASTHAN,06-12-22,M
RAJASTHAN,06-13-22,M
RAJASTHAN,06-14-22,M
RAJASTHAN,06-15-22,M
RAJASTHAN,06-16-22,M
RAJASTHAN,06-17-22,M
RAJASTHAN,06-18-22,M
RAJASTHAN,06-19-22,M
RAJASTHAN,06-20-22,M
RAJASTHAN,06-21-22,M
RAJASTHAN,06-22-22,L
RAJASTHAN,06-23-22,L
RAJASTHAN,06-24-22,L
RAJASTHAN,06-25-22,L
RAJASTHAN,06-26-22,L
RAJASTHAN,06-27-22,L
RAJASTHAN,06-28-22,L
RAJASTHAN,06-29-22,L
RAJASTHAN,06-30-22,XL
RAJASTHAN,07-01-22,L
RAJASTHAN,07-02-22,L
RAJASTHAN,07-03-22,XL
RAJASTHAN,07-04-22,S
RAJASTHAN,07-05-22,XL
RAJASTHAN,07-06-22,XL
RAJASTHAN,07-07-22,S
RAJASTHAN,07-08-22,M
RAJSHTHAN,04-30-22,S
RAJSHTHAN,05-01-22,S
RAJSHTHAN,05-02-22,S
RAJSHTHAN,05-03-22,S
RAJSHTHAN,05-04-22,S
RAJSHTHAN,05-05-22,S
RAJSHTHAN,05-06-22,S
RAJSHTHAN,05-07-22,S
RAJSHTHAN,05-08-22,S
RAJSHTHAN,05-09-22,S
RAJSTHAN,06-06-22,XL
RAJSTHAN,06-07-22,XL
RAJSTHAN,06-08-22,XL
RAJSTHAN,06-09-22,XL
RAJSTHAN,06-10-22,XL
RAJSTHAN,06-11-22,XL
RAJSTHAN,06-12-22,XL
RAJSTHAN,06-13-22,XL
RAJSTHAN,06-14-22,XL
RAJSTHAN,06-15-22,XL
RAJSTHAN,06-23-22,XL
RAJSTHAN,06-24-22,XL
RAJSTHAN,06-25-22,XL
RAJSTHAN,06-26-22,XL
RAJSTHAN,06-27-22,XL
RAJSTHAN,06-28-22,XL
RAJSTHAN,06-29-22,XL
RAJSTHAN,06-30-22,XL
RAJSTHAN,07-01-22,XL
RAJSTHAN,07-02-22,XL
RJ,04-16-22,XL
RJ,04-17-22,XL
RJ,04-18-22,XL
RJ,04-19-22,XL
RJ,04-20-22,XL
RJ,04-21-22,XL
RJ,04-22-22,XL
RJ,04-23-22,XL
RJ,04-24-22,XL
RJ,04-25-22,XL
RJ,06-01-22,XL
RJ,06-02-22,XL
RJ,06-03-22,XL
RJ,06-04-22,XL
RJ,06-05-22,XL
RJ,06-06-22,XL
RJ,06-07-22,XL
RJ,06-08-22,XL
RJ,06-09-22,XL
RJ,06-10-22,XL
SIKKIM,04-02-22,S
SIKKIM,04-03-22,L
SIKKIM,04-04-22,S
SIKKIM,04-05-22,S
SIKKIM,04-06-22,S
SIKKIM,04-07-22,S
SIKKIM,04-08-22,S
SIKKIM,04-09-22,S
SIKKIM,04-10-22,S
SIKKIM,04-11-22,M
SIKKIM,04-12-22,M
SIKKIM,04-13-22,M
SIKKIM,04-14-22,M
SIKKIM,04-15-22,M
SIKKIM,04-16-22,L
SIKKIM,04-17-22,M
SIKKIM,04-18-22,M
SIKKIM,04-19-22,M
SIKKIM,04-20-22,M
SIKKIM,04-21-22,3XL
SIKKIM,04-22-22,3XL
SIKKIM,04-23-22,3XL
SIKKIM,04-24-22,3XL
SIKKIM,04-25-22,3XL
SIKKIM,04-26-22,M
SIKKIM,04-27-22,M
SIKKIM,04-28-22,M
SIKKIM,04-29-22,M
SIKKIM,04-30-22,M
SIKKIM,05-01-22,M
SIKKIM,05-02-22,M
SIKKIM,05-03-22,M
SIKKIM,05-04-22,M
SIKKIM,05-05-22,M
SIKKIM,05-06-22,M
SIKKIM,05-07-22,M
SIKKIM,05-08-22,M
SIKKIM,05-09-22,S
SIKKIM,05-10-22,M
SIKKIM,05-11-22,M
SIKKIM,05-12-22,M
SIKKIM,05-13-22,S
SIKKIM,05-14-22,S
SIKKIM,05-15-22,M
SIKKIM,05-16-22,M
SIKKIM,05-17-22,M
SIKKIM,05-18-22,M
SIKKIM,05-19-22,M
SIKKIM,05-20-22,M
SIKKIM,05-21-22,M
SIKKIM,05-22-22,M
SIKKIM,05-23-22,M
SIKKIM,05-24-22,M
SIKKIM,05-25-22,M
SIKKIM,05-26-22,M
SIKKIM,05-27-22,M
SIKKIM,05-28-22,M
SIKKIM,05-29-22,M
SIKKIM,05-30-22,M
SIKKIM,05-31-22,3XL
SIKKIM,06-01-22,M
SIKKIM,06-02-22,M
SIKKIM,06-03-22,L
SIKKIM,06-04-22,L
SIKKIM,06-05-22,L
SIKKIM,06-06-22,L
SIKKIM,06-07-22,L
SIKKIM,06-08-22,L
SIKKIM,06-09-22,L
SIKKIM,06-10-22,L
SIKKIM,06-11-22,L
SIKKIM,06-12-22,L
SIKKIM,06-13-22,L
SIKKIM,06-14-22,XL
SIKKIM,06-15-22,XL
SIKKIM,06-16-22,XL
SIKKIM,06-17-22,XL
SIKKIM,06-18-22,XL
SIKKIM,06-19-22,XL
SIKKIM,06-20-22,XL
SIKKIM,06-21-22,3XL
SIKKIM,06-22-22,3XL
SIKKIM,06-23-22,XL
SIKKIM,06-24-22,XL
SIKKIM,06-25-22,XL
SIKKIM,06-26-22,XL
SIKKIM,06-27-22,XL
SIKKIM,06-28-22,XL
SIKKIM,06-29-22,XL
SIKKIM,06-30-22,XL
SIKKIM,07-01-22,XL
SIKKIM,07-02-22,XL
SIKKIM,07-03-22,3XL
SIKKIM,07-04-22,M
SIKKIM,07-05-22,M
SIKKIM,07-06-22,L
SIKKIM,07-07-22,L
SIKKIM,07-08-22,L
TAMIL NADU,04-01-22,L
TAMIL NADU,04-02-22,XL
TAMIL NADU,04-03-22,M
TAMIL NADU,04-04-22,M
TAMIL NADU,04-05-22,L
TAMIL NADU,04-06-22,L
TAMIL NADU,04-07-22,L
TAMIL NADU,04-08-22,L
TAMIL NADU,04-09-22,L
TAMIL NADU,04-10-22,L
TAMIL NADU,04-11-22,L
TAMIL NADU,04-12-22,L
TAMIL NADU,04-13-22,L
TAMIL NADU,04-14-22,L
TAMIL NADU,04-15-22,L
TAMIL NADU,04-16-22,L
TAMIL NADU,04-17-22,L
TAMIL NADU,04-18-22,L
TAMIL NADU,04-19-22,L
TAMIL NADU,04-20-22,XL
TAMIL NADU,04-21-22,XL
TAMIL NADU,04-22-22,XL
TAMIL NADU,04-23-22,XL
TAMIL NADU,04-24-22,XL
TAMIL NADU,04-25-22,XL
TAMIL NADU,04-26-22,XL
TAMIL NADU,04-27-22,XL
TAMIL NADU,04-28-22,XL
TAMIL NADU,04-29-22,XL
TAMIL NADU,04-30-22,XL
TAMIL NADU,05-01-22,XL
TAMIL NADU,05-02-22,XL
TAMIL NADU,05-03-22,XL
TAMIL NADU,05-04-22,XL
TAMIL NADU,05-05-22,XL
TAMIL NADU,05-06-22,XL
TAMIL NADU,05-07-22,L
TAMIL NADU,05-08-22,L
TAMIL NADU,05-09-22,L
TAMIL NADU,05-10-22,L
TAMIL NADU,05-11-22,L
TAMIL NADU,05-12-22,L
TAMIL NADU,05-13-22,L
TAMIL NADU,05-14-22,L
TAMIL NADU,05-15-22,L
TAMIL NADU,05-16-22,L
TAMIL NADU,05-17-22,L
TAMIL NADU,05-18-22,L
TAMIL NADU,05-19-22,L
TAMIL NADU,05-20-22,L
TAMIL NADU,05-21-22,L
TAMIL NADU,05-22-22,L
TAMIL NADU,05-23-22,L
TAMIL NADU,05-24-22,L
TAMIL NADU,05-25-22,L
TAMIL NADU,05-26-22,L
TAMIL NADU,05-27-22,XXL
TAMIL NADU,05-28-22,XXL
TAMIL NADU,05-29-22,XL
TAMIL NADU,05-30-22,XL
TAMIL NADU,05-31-22,XL
TAMIL NADU,06-01-22,XL
TAMIL NADU,06-02-22,XL
TAMIL NADU,06-03-22,XL
TAMIL NADU,06-04-22,XL
TAMIL NADU,06-05-22,M
TAMIL NADU,06-06-22,M
TAMIL NADU,06-07-22,M
TAMIL NADU,06-08-22,M
TAMIL NADU,06-09-22,M
TAMIL NADU,06-10-22,M
TAMIL NADU,06-11-22,M
TAMIL NADU,06-12-22,M
TAMIL NADU,06-13-22,M
TAMIL NADU,06-14-22,M
TAMIL NADU,06-15-22,M
TAMIL NADU,06-16-22,M
TAMIL NADU,06-17-22,XL
TAMIL NADU,06-18-22,XL
TAMIL NADU,06-19-22,XL
TAMIL NADU,06-20-22,XL
TAMIL NADU,06-21-22,XL
TAMIL NADU,06-22-22,XL
TAMIL NADU,06-23-22,XL
TAMIL NADU,06-24-22,XL
TAMIL NADU,06-25-22,XL
TAMIL NADU,06-26-22,XL
TAMIL NADU,06-27-22,XL
TAMIL NADU,06-28-22,XL
TAMIL NADU,06-29-22,L
TAMIL NADU,06-30-22,L
TAMIL NADU,07-01-22,L
TAMIL NADU,07-02-22,L
TAMIL NADU,07-03-22,L
TAMIL NADU,07-04-22,L
TAMIL NADU,07-05-22,L
TAMIL NADU,07-06-22,M
TAMIL NADU,07-07-22,M
TAMIL NADU,07-08-22,M
TAMIL NADU,07-09-22,M
TELANGANA,04-01-22,L
TELANGANA,04-02-22,M
TELANGANA,04-03-22,M
TELANGANA,04-04-22,M
TELANGANA,04-05-22,M
TELANGANA,04-06-22,M
TELANGANA,04-07-22,M
TELANGANA,04-08-22,M
TELANGANA,04-09-22,M
TELANGANA,04-10-22,M
TELANGANA,04-11-22,L
TELANGANA,04-12-22,L
TELANGANA,04-13-22,L
TELANGANA,04-14-22,L
TELANGANA,04-15-22,L
TELANGANA,04-16-22,L
TELANGANA,04-17-22,L
TELANGANA,04-18-22,L
TELANGANA,04-19-22,L
TELANGANA,04-20-22,L
TELANGANA,04-21-22,L
TELANGANA,04-22-22,L
TELANGANA,04-23-22,L
TELANGANA,04-24-22,M
TELANGANA,04-25-22,M
TELANGANA,04-26-22,M
TELANGANA,04-27-22,M
TELANGANA,04-28-22,M
TELANGANA,04-29-22,M
TELANGANA,04-30-22,M
TELANGANA,05-01-22,M
TELANGANA,05-02-22,M
TELANGANA,05-03-22,M
TELANGANA,05-04-22,M
TELANGANA,05-05-22,M
TELANGANA,05-06-22,M
TELANGANA,05-07-22,M
TELANGANA,05-08-22,M
TELANGANA,05-09-22,M
TELANGANA,05-10-22,M
TELANGANA,05-11-22,M
TELANGANA,05-12-22,M
TELANGANA,05-13-22,M
TELANGANA,05-14-22,M
TELANGANA,05-15-22,M
TELANGANA,05-16-22,M
TELANGANA,05-17-22,L
TELANGANA,05-18-22,L
TELANGANA,05-19-22,L
TELANGANA,05-20-22,L
TELANGANA,05-21-22,L
TELANGANA,05-22-22,L
TELANGANA,05-23-22,L
TELANGANA,05-24-22,L
TELANGANA,05-25-22,XL
TELANGANA,05-26-22,XL
TELANGANA,05-27-22,XL
TELANGANA,05-28-22,XL
TELANGANA,05-29-22,XL
TELANGANA,05-30-22,XL
TELANGANA,05-31-22,XL
TELANGANA,06-01-22,XL
TELANGANA,06-02-22,XL
TELANGANA,06-03-22,XL
TELANGANA,06-04-22,XL
TELANGANA,06-05-22,XL
TELANGANA,06-06-22,XL
TELANGANA,06-07-22,XL
TELANGANA,06-08-22,XL
TELANGANA,06-09-22,XL
TELANGANA,06-10-22,XL
TELANGANA,06-11-22,XL
TELANGANA,06-12-22,XL
TELANGANA,06-13-22,XL
TELANGANA,06-14-22,XL
TELANGANA,06-15-22,L
TELANGANA,06-16-22,XL
TELANGANA,06-17-22,L
TELANGANA,06-18-22,M
TELANGANA,06-19-22,M
TELANGANA,06-20-22,M
TELANGANA,06-21-22,M
TELANGANA,06-22-22,M
TELANGANA,06-23-22,M
TELANGANA,06-24-22,M
TELANGANA,06-25-22,M
TELANGANA,06-26-22,M
TELANGANA,06-27-22,M
TELANGANA,06-28-22,M
TELANGANA,06-29-22,M
TELANGANA,06-30-22,M
TELANGANA,07-01-22,M
TELANGANA,07-02-22,M
TELANGANA,07-03-22,M
TELANGANA,07-04-22,XL
TELANGANA,07-05-22,XL
TELANGANA,07-06-22,XL
TELANGANA,07-07-22,M
TELANGANA,07-08-22,M
TELANGANA,07-09-22,L
TRIPURA,04-01-22,XXL
TRIPURA,04-02-22,XXL
TRIPURA,04-03-22,XXL
TRIPURA,04-04-22,XXL
TRIPURA,04-05-22,XXL
TRIPURA,04-06-22,XXL
TRIPURA,04-07-22,XXL
TRIPURA,04-08-22,XXL
TRIPURA,04-09-22,XXL
TRIPURA,04-10-22,XXL
TRIPURA,04-11-22,M
TRIPURA,04-12-22,M
TRIPURA,04-13-22,M
TRIPURA,04-14-22,M
TRIPURA,04-15-22,M
TRIPURA,04-16-22,M
TRIPURA,04-17-22,M
TRIPURA,04-18-22,M
TRIPURA,04-19-22,L
TRIPURA,04-20-22,L
TRIPURA,04-21-22,L
TRIPURA,04-22-22,L
TRIPURA,04-23-22,L
TRIPURA,04-24-22,L
TRIPURA,04-25-22,M
TRIPURA,04-26-22,M
TRIPURA,04-27-22,XXL
TRIPURA,04-28-22,L
TRIPURA,04-29-22,M
TRIPURA,04-30-22,M
TRIPURA,05-01-22,XXL
TRIPURA,05-02-22,XXL
TRIPURA,05-03-22,XXL
TRIPURA,05-04-22,XXL
TRIPURA,05-05-22,L
TRIPURA,05-06-22,L
TRIPURA,05-07-22,L
TRIPURA,05-08-22,XS
TRIPURA,05-09-22,XS
TRIPURA,05-10-22,XS
TRIPURA,05-11-22,XS
TRIPURA,05-12-22,XL
TRIPURA,05-13-22,XL
TRIPURA,05-14-22,XL
TRIPURA,05-15-22,XS
TRIPURA,05-16-22,XS
TRIPURA,05-17-22,XL
TRIPURA,05-18-22,XL
TRIPURA,05-19-22,XL
TRIPURA,05-20-22,XXL
TRIPURA,05-21-22,XL
TRIPURA,05-22-22,XS
TRIPURA,05-23-22,M
TRIPURA,05-24-22,M
TRIPURA,05-25-22,M
TRIPURA,05-26-22,M
TRIPURA,05-27-22,M
TRIPURA,05-28-22,M
TRIPURA,05-29-22,M
TRIPURA,05-30-22,M
TRIPURA,05-31-22,M
TRIPURA,06-01-22,M
TRIPURA,06-02-22,M
TRIPURA,06-03-22,M
TRIPURA,06-04-22,M
TRIPURA,06-05-22,M
TRIPURA,06-06-22,S
TRIPURA,06-07-22,S
TRIPURA,06-08-22,S
TRIPURA,06-09-22,S
TRIPURA,06-10-22,S
TRIPURA,06-11-22,S
TRIPURA,06-12-22,M
TRIPURA,06-13-22,3XL
TRIPURA,06-14-22,3XL
TRIPURA,06-15-22,L
TRIPURA,06-16-22,L
TRIPURA,06-17-22,L
TRIPURA,06-18-22,XL
TRIPURA,06-19-22,M
TRIPURA,06-20-22,L
TRIPURA,06-21-22,L
TRIPURA,06-22-22,L
TRIPURA,06-23-22,L
TRIPURA,06-24-22,L
TRIPURA,06-25-22,S
TRIPURA,06-26-22,S
TRIPURA,06-27-22,S
TRIPURA,06-28-22,L
TRIPURA,06-29-22,L
TRIPURA,06-30-22,S
TRIPURA,07-01-22,S
TRIPURA,07-02-22,S
TRIPURA,07-03-22,S
TRIPURA,07-04-22,S
TRIPURA,07-05-22,S
TRIPURA,07-06-22,S
TRIPURA,07-07-22,S
TRIPURA,07-08-22,S
TRIPURA,07-09-22,S
UTTAR PRADESH,04-01-22,XXL
UTTAR PRADESH,04-02-22,S
UTTAR PRADESH,04-03-22,M
UTTAR PRADESH,04-04-22,M
UTTAR PRADESH,04-05-22,M
UTTAR PRADESH,04-06-22,M
UTTAR PRADESH,04-07-22,M
UTTAR PRADESH,04-08-22,M
UTTAR PRADESH,04-09-22,L
UTTAR PRADESH,04-10-22,L
UTTAR PRADESH,04-11-22,L
UTTAR PRADESH,04-12-22,L
UTTAR PRADESH,04-13-22,L
UTTAR PRADESH,04-14-22,L
UTTAR PRADESH,04-15-22,L
UTTAR PRADESH,04-16-22,L
UTTAR PRADESH,04-17-22,M
UTTAR PRADESH,04-18-22,M
UTTAR PRADESH,04-19-22,M
UTTAR PRADESH,04-20-22,M
UTTAR PRADESH,04-21-22,M
UTTAR PRADESH,04-22-22,M
UTTAR PRADESH,04-23-22,M
UTTAR PRADESH,04-24-22,M
UTTAR PRADESH,04-25-22,M
UTTAR PRADESH,04-26-22,M
UTTAR PRADESH,04-27-22,M
UTTAR PRADESH,04-28-22,M
UTTAR PRADESH,04-29-22,M
UTTAR PRADESH,04-30-22,M
UTTAR PRADESH,05-01-22,M
UTTAR PRADESH,05-02-22,M
UTTAR PRADESH,05-03-22,M
UTTAR PRADESH,05-04-22,M
UTTAR PRADESH,05-05-22,M
UTTAR PRADESH,05-06-22,M
UTTAR PRADESH,05-07-22,M
UTTAR PRADESH,05-08-22,M
UTTAR PRADESH,05-09-22,M
UTTAR PRADESH,05-10-22,M
UTTAR PRADESH,05-11-22,M
UTTAR PRADESH,05-12-22,M
UTTAR PRADESH,05-13-22,M
UTTAR PRADESH,05-14-22,M
UTTAR PRADESH,05-15-22,M
UTTAR PRADESH,05-16-22,M
UTTAR PRADESH,05-17-22,M
UTTAR PRADESH,05-18-22,M
UTTAR PRADESH,05-19-22,M
UTTAR PRADESH,05-20-22,M
UTTAR PRADESH,05-21-22,M
UTTAR PRADESH,05-22-22,M
UTTAR PRADESH,05-23-22,M
UTTAR PRADESH,05-24-22,XL
UTTAR PRADESH,05-25-22,XL
UTTAR PRADESH,05-26-22,XL
UTTAR PRADESH,05-27-22,M
UTTAR PRADESH,05-28-22,M
UTTAR PRADESH,05-29-22,M
UTTAR PRADESH,05-30-22,M
UTTAR PRADESH,05-31-22,M
UTTAR PRADESH,06-01-22,M
UTTAR PRADESH,06-02-22,M
UTTAR PRADESH,06-03-22,M
UTTAR PRADESH,06-04-22,M
UTTAR PRADESH,06-05-22,M
UTTAR PRADESH,06-06-22,M
UTTAR PRADESH,06-07-22,M
UTTAR PRADESH,06-08-22,M
UTTAR PRADESH,06-09-22,M
UTTAR PRADESH,06-10-22,M
UTTAR PRADESH,06-11-22,M
UTTAR PRADESH,06-12-22,M
UTTAR PRADESH,06-13-22,M
UTTAR PRADESH,06-14-22,M
UTTAR PRADESH,06-15-22,XL
UTTAR PRADESH,06-16-22,M
UTTAR PRADESH,06-17-22,M
UTTAR PRADESH,06-18-22,M
UTTAR PRADESH,06-19-22,M
UTTAR PRADESH,06-20-22,M
UTTAR PRADESH,06-21-22,M
UTTAR PRADESH,06-22-22,M
UTTAR PRADESH,06-23-22,M
UTTAR PRADESH,06-24-22,M
UTTAR PRADESH,06-25-22,M
UTTAR PRADESH,06-26-22,M
UTTAR PRADESH,06-27-22,M
UTTAR PRADESH,06-28-22,M
UTTAR PRADESH,06-29-22,M
UTTAR PRADESH,06-30-22,M
UTTAR PRADESH,07-01-22,M
UTTAR PRADESH,07-02-22,L
UTTAR PRADESH,07-03-22,L
UTTAR PRADESH,07-04-22,M
UTTAR PRADESH,07-05-22,XL
UTTAR PRADESH,07-06-22,XL
UTTAR PRADESH,07-07-22,L
UTTAR PRADESH,07-08-22,XL
UTTAR PRADESH,07-09-22,XXL
UTTARAKHAND,04-01-22,S
UTTARAKHAND,04-02-22,XS
UTTARAKHAND,04-03-22,L
UTTARAKHAND,04-04-22,L
UTTARAKHAND,04-05-22,XL
UTTARAKHAND,04-06-22,L
UTTARAKHAND,04-07-22,L
UTTARAKHAND,04-08-22,XL
UTTARAKHAND,04-09-22,L
UTTARAKHAND,04-10-22,S
UTTARAKHAND,04-11-22,L
UTTARAKHAND,04-12-22,XXL
UTTARAKHAND,04-13-22,S
UTTARAKHAND,04-14-22,L
UTTARAKHAND,04-15-22,L
UTTARAKHAND,04-16-22,L
UTTARAKHAND,04-17-22,L
UTTARAKHAND,04-18-22,L
UTTARAKHAND,04-19-22,L
UTTARAKHAND,04-20-22,L
UTTARAKHAND,04-21-22,L
UTTARAKHAND,04-22-22,L
UTTARAKHAND,04-23-22,L
UTTARAKHAND,04-24-22,L
UTTARAKHAND,04-25-22,L
UTTARAKHAND,04-26-22,L
UTTARAKHAND,04-27-22,M
UTTARAKHAND,04-28-22,M
UTTARAKHAND,04-29-22,M
UTTARAKHAND,04-30-22,M
UTTARAKHAND,05-01-22,L
UTTARAKHAND,05-02-22,L
UTTARAKHAND,05-03-22,L
UTTARAKHAND,05-04-22,M
UTTARAKHAND,05-05-22,L
UTTARAKHAND,05-06-22,L
UTTARAKHAND,05-07-22,L
UTTARAKHAND,05-08-22,L
UTTARAKHAND,05-09-22,L
UTTARAKHAND,05-10-22,L
UTTARAKHAND,05-11-22,S
UTTARAKHAND,05-12-22,S
UTTARAKHAND,05-13-22,S
UTTARAKHAND,05-14-22,S
UTTARAKHAND,05-15-22,S
UTTARAKHAND,05-16-22,S
UTTARAKHAND,05-17-22,S
UTTARAKHAND,05-18-22,M
UTTARAKHAND,05-19-22,L
UTTARAKHAND,05-20-22,L
UTTARAKHAND,05-21-22,L
UTTARAKHAND,05-22-22,L
UTTARAKHAND,05-23-22,L
UTTARAKHAND,05-24-22,L
UTTARAKHAND,05-25-22,L
UTTARAKHAND,05-26-22,L
UTTARAKHAND,05-27-22,L
UTTARAKHAND,05-28-22,L
UTTARAKHAND,05-29-22,L
UTTARAKHAND,05-30-22,L
UTTARAKHAND,05-31-22,XL
UTTARAKHAND,06-01-22,XL
UTTARAKHAND,06-02-22,XL
UTTARAKHAND,06-03-22,XL
UTTARAKHAND,06-04-22,XL
UTTARAKHAND,06-05-22,XL
UTTARAKHAND,06-06-22,XL
UTTARAKHAND,06-07-22,L
UTTARAKHAND,06-08-22,L
UTTARAKHAND,06-09-22,L
UTTARAKHAND,06-10-22,L
UTTARAKHAND,06-11-22,L
UTTARAKHAND,06-12-22,L
UTTARAKHAND,06-13-22,L
UTTARAKHAND,06-14-22,L
UTTARAKHAND,06-15-22,L
UTTARAKHAND,06-16-22,L
UTTARAKHAND,06-17-22,L
UTTARAKHAND,06-18-22,XL
UTTARAKHAND,06-19-22,M
UTTARAKHAND,06-20-22,XS
UTTARAKHAND,06-21-22,M
UTTARAKHAND,06-22-22,XL
UTTARAKHAND,06-23-22,XL
UTTARAKHAND,06-24-22,M
UTTARAKHAND,06-25-22,M
UTTARAKHAND,06-26-22,M
UTTARAKHAND,06-27-22,M
UTTARAKHAND,06-28-22,M
UTTARAKHAND,06-29-22,M
UTTARAKHAND,06-30-22,M
UTTARAKHAND,07-01-22,M
UTTARAKHAND,07-02-22,M
UTTARAKHAND,07-03-22,M
UTTARAKHAND,07-04-22,M
UTTARAKHAND,07-05-22,L
UTTARAKHAND,07-06-22,S
UTTARAKHAND,07-07-22,S
UTTARAKHAND,07-08-22,XXL
UTTARAKHAND,07-09-22,M
WEST BENGAL,04-01-22,XXL
WEST BENGAL,04-02-22,XXL
WEST BENGAL,04-03-22,L
WEST BENGAL,04-04-22,XL
WEST BENGAL,04-05-22,L
WEST BENGAL,04-06-22,L
WEST BENGAL,04-07-22,L
WEST BENGAL,04-08-22,L
WEST BENGAL,04-09-22,L
WEST BENGAL,04-10-22,L
WEST BENGAL,04-11-22,L
WEST BENGAL,04-12-22,L
WEST BENGAL,04-13-22,L
WEST BENGAL,04-14-22,L
WEST BENGAL,04-15-22,L
WEST BENGAL,04-16-22,L
WEST BENGAL,04-17-22,L
WEST BENGAL,04-18-22,L
WEST BENGAL,04-19-22,L
WEST BENGAL,04-20-22,L
WEST BENGAL,04-21-22,L
WEST BENGAL,04-22-22,L
WEST BENGAL,04-23-22,L
WEST BENGAL,04-24-22,M
WEST BENGAL,04-25-22,M
WEST BENGAL,04-26-22,M
WEST BENGAL,04-27-22,M
WEST BENGAL,04-28-22,L
WEST BENGAL,04-29-22,L
WEST BENGAL,04-30-22,XL
WEST BENGAL,05-01-22,M
WEST BENGAL,05-02-22,L
WEST BENGAL,05-03-22,XL
WEST BENGAL,05-04-22,XL
WEST BENGAL,05-05-22,XL
WEST BENGAL,05-06-22,XL
WEST BENGAL,05-07-22,XL
WEST BENGAL,05-08-22,XL
WEST BENGAL,05-09-22,L
WEST BENGAL,05-10-22,L
WEST BENGAL,05-11-22,L
WEST BENGAL,05-12-22,L
WEST BENGAL,05-13-22,L
WEST BENGAL,05-14-22,L
WEST BENGAL,05-15-22,L
WEST BENGAL,05-16-22,L
WEST BENGAL,05-17-22,L
WEST BENGAL,05-18-22,L
WEST BENGAL,05-19-22,L
WEST BENGAL,05-20-22,L
WEST BENGAL,05-21-22,L
WEST BENGAL,05-22-22,XXL
WEST BENGAL,05-23-22,L
WEST BENGAL,05-24-22,L
WEST BENGAL,05-25-22,L
WEST BENGAL,05-26-22,XXL
WEST BENGAL,05-27-22,XXL
WEST BENGAL,05-28-22,XXL
WEST BENGAL,05-29-22,M
WEST BENGAL,05-30-22,M
WEST BENGAL,05-31-22,M
WEST BENGAL,06-01-22,M
WEST BENGAL,06-02-22,M
WEST BENGAL,06-03-22,M
WEST BENGAL,06-04-22,M
WEST BENGAL,06-05-22,M
WEST BENGAL,06-06-22,M
WEST BENGAL,06-07-22,M
WEST BENGAL,06-08-22,M
WEST BENGAL,06-09-22,M
WEST BENGAL,06-10-22,M
WEST BENGAL,06-11-22,M
WEST BENGAL,06-12-22,M
WEST BENGAL,06-13-22,XXL
WEST BENGAL,06-14-22,XXL
WEST BENGAL,06-15-22,XXL
WEST BENGAL,06-16-22,XXL
WEST BENGAL,06-17-22,XXL
WEST BENGAL,06-18-22,XXL
WEST BENGAL,06-19-22,XXL
WEST BENGAL,06-20-22,XXL
WEST BENGAL,06-21-22,XXL
WEST BENGAL,06-22-22,XXL
WEST BENGAL,06-23-22,XXL
WEST BENGAL,06-24-22,XXL
WEST BENGAL,06-25-22,XXL
WEST BENGAL,06-26-22,XXL
WEST BENGAL,06-27-22,XXL
WEST BENGAL,06-28-22,3XL
WEST BENGAL,06-29-22,XXL
WEST BENGAL,06-30-22,XXL
WEST BENGAL,07-01-22,3XL
WEST BENGAL,07-02-22,L
WEST BENGAL,07-03-22,M
WEST BENGAL,07-04-22,L
WEST BENGAL,07-05-22,L
WEST BENGAL,07-06-22,L
WEST BENGAL,07-07-22,L
WEST BENGAL,07-08-22,M
WEST BENGAL,07-09-22,M
